2,4,7,1.0032,3,ストレート
3,4,7,1.0033,3,ボックス
0,1,9,1.0034,3,ストレート
1,7,9,1.0044,3,ストレート
4,5,7,1.0034,3,ボックス
1,2,9,1.0064,3,ボックス
1,5,9,1.0072,3,ボックス
1,2,9,1.0022,3,ボックス
0,3,9,1.0063,3,ストレート
4,5,8,1.0062,3,ストレート
4,8,9,1.0082,3,ボックス
1,7,9,1.0014,3,ボックス
7,8,9,1.0084,3,ストレート
0,3,7,0.9993,3,ボックス
4,5,7,1.0023,3,ボックス
0,3,6,0.998,3,ボックス
3,4,6,1.0062,3,ボックス
0,4,5,1.0094,3,ボックス
1,6,8,1.0064,3,ストレート
5,7,8,1.0112,3,ボックス
0,3,4,1.0034,3,ボックス
0,4,8,1.0112,3,ストレート
6,7,9,1.0104,3,ボックス
0,7,9,1.0134,3,ボックス
2,8,9,1.0163,3,ボックス
4,6,7,1.0103,3,ボックス
0,2,8,1.0163,3,ボックス
2,7,8,1.0193,3,ボックス
3,6,8,1.0132,3,ボックス
0,1,4,1.0064,3,ボックス
0,8,9,1.0204,3,ボックス
2,5,7,1.0193,3,ボックス
1,2,5,1.0183,3,ボックス
1,2,5,1.0125,3,ボックス
1,2,5,1.0135,3,ボックス
3,6,9,1.0173,3,ボックス
7,8,9,1.0158,3,ボックス
2,4,5,1.0156,3,ボックス
1,4,7,1.0183,3,ボックス
2,3,8,1.0253,3,ボックス
2,3,8,1.0179,3,ストレート
2,7,9,1.02,3,ボックス
1,4,7,1.0137,3,ボックス
0,3,7,1.0136,3,ボックス
4,6,8,1.0223,3,ボックス
0,3,7,1.0146,3,ボックス
6,7,9,1.0158,3,ボックス
1,6,8,1.0156,3,ストレート
0,1,9,1.0187,3,ボックス
0,3,6,1.0137,3,ボックス
1,5,7,1.0245,3,ボックス
4,5,9,1.0304,3,ボックス
0,5,6,1.0224,3,ボックス
2,4,8,1.0353,3,ボックス
0,1,6,1.0148,3,ボックス
0,6,8,1.0284,3,ボックス
0,2,8,1.0272,3,ボックス
2,4,5,1.024,3,ボックス
3,5,8,1.0229,3,ボックス
0,5,6,1.0179,3,ストレート
1,6,7,1.0265,3,ストレート
0,2,5,1.0259,3,ボックス
2,5,9,1.0311,3,ボックス
3,5,6,1.0284,3,ボックス
2,5,9,1.0322,3,ボックス
0,5,6,1.022,3,ボックス
3,4,9,1.0354,3,ボックス
4,5,8,1.0271,3,ストレート
3,6,8,1.0251,3,ボックス
0,4,9,1.0374,3,ボックス
1,3,8,1.0353,3,ボックス
1,2,7,1.0373,3,ボックス
0,2,8,1.0334,3,ボックス
0,1,6,1.024,3,ストレート
2,6,9,1.0343,3,ボックス
0,3,6,1.0251,3,ボックス
2,5,9,1.0383,3,ボックス
1,8,9,1.0434,3,ボックス
3,5,6,1.0281,3,ストレート
0,4,5,1.0393,3,ボックス
3,7,8,1.0385,3,ボックス
4,6,9,1.0415,3,ボックス
4,5,9,1.0365,3,ボックス
1,2,5,1.0345,3,ストレート
4,8,9,1.0484,3,ストレート
3,5,8,1.0353,3,ボックス
0,5,7,1.0333,3,ボックス
1,7,9,1.0435,3,ボックス
1,2,6,1.0434,3,ストレート
0,5,7,1.0344,3,ボックス
0,4,6,1.0415,3,ボックス
2,5,9,1.0857,3,ストレート
3,8,9,1.0584,3,ボックス
2,4,8,1.0535,3,ボックス
1,5,6,1.0433,3,ボックス
4,6,8,1.0365,3,ボックス
1,8,9,1.0556,3,ボックス
3,5,6,1.0355,3,ボックス
0,1,7,1.0423,3,ボックス
4,5,7,1.0474,3,ボックス
6,7,9,1.0444,3,ストレート
1,5,8,1.0654,3,ボックス
6,7,9,1.0507,3,ボックス
3,6,8,1.0416,3,ボックス
0,2,3,1.0556,3,ボックス
4,5,8,1.0717,3,ボックス
1,6,8,1.0416,3,ストレート
2,3,6,1.0766,3,ボックス
0,8,9,1.1004,3,ボックス
3,4,9,1.0857,3,ボックス
5,8,9,1.1375,3,ストレート
2,4,9,1.1284,3,ボックス
3,4,9,1.0997,3,ボックス
2,4,5,1.1109,3,ボックス
0,1,7,1.0373,3,ボックス
0,1,2,1.0815,3,ボックス
1,2,8,1.1088,3,ボックス
1,8,9,1.127,3,ボックス
0,7,9,1.1025,3,ボックス
2,7,8,1.1256,3,ボックス
3,4,7,1.0647,3,ボックス
2,6,9,1.1501,3,ストレート
1,6,7,1.0556,3,ボックス
0,3,9,1.1256,3,ボックス
3,8,9,1.1571,3,ボックス
1,3,4,1.1046,3,ボックス
1,7,8,1.1144,3,ボックス
1,2,9,1.1935,3,ボックス
0,2,5,1.1459,3,ボックス
1,2,5,1.169,3,ボックス
1,2,7,1.148,3,ボックス
4,5,9,1.176,3,ボックス
1,4,5,1.1564,3,ボックス
1,5,7,1.1536,3,ボックス
2,5,9,1.2383,3,ボックス
0,1,4,1.1396,3,ストレート
0,4,9,1.1774,3,ボックス
2,3,5,1.2061,3,ボックス
4,5,9,1.2061,3,ボックス
0,5,6,1.1466,3,ボックス
1,3,7,1.1564,3,ボックス
2,5,8,1.2292,3,ボックス
0,3,8,1.1676,3,ボックス
4,6,8,1.155,3,ボックス
1,4,7,1.1676,3,ボックス
0,6,8,1.1704,3,ボックス
0,1,4,1.176,3,ボックス
2,7,8,1.2124,3,ボックス
3,5,9,1.2376,3,ボックス
3,5,7,1.176,3,ボックス
1,3,9,1.2292,3,ボックス
2,4,6,1.2236,3,ボックス
0,1,8,1.2075,3,ボックス
2,3,8,1.2635,3,ストレート
3,5,9,1.2453,3,ボックス
1,2,6,1.2516,3,ボックス
5,6,9,1.2516,3,ボックス
3,8,9,1.2593,3,ボックス
2,3,6,1.2474,3,ボックス
2,8,9,1.3265,3,ボックス
2,7,9,1.2957,3,ボックス
0,3,9,1.2523,3,ボックス
2,7,8,1.2705,3,ボックス
3,7,9,1.2586,3,ボックス
2,3,8,1.2985,3,ボックス
3,7,8,1.2446,3,ボックス
2,5,6,1.2866,3,ボックス
4,5,8,1.2593,3,ボックス
0,6,8,1.2334,3,ボックス
3,5,8,1.2817,3,ボックス
2,3,6,1.2845,3,ボックス
1,8,9,1.3027,3,ボックス
2,3,6,1.2915,3,ボックス
0,7,9,1.2593,3,ボックス
3,4,7,1.2383,3,ボックス
0,4,9,1.2796,3,ボックス
2,5,9,1.358,3,ボックス
1,6,7,1.2334,3,ストレート
0,1,7,1.2635,3,ボックス
0,5,7,1.2775,3,ボックス
0,1,4,1.2754,3,ボックス
1,2,6,1.3216,3,ストレート
4,7,9,1.3216,3,ボックス
3,6,7,1.2887,3,ストレート
0,6,9,1.3167,3,ボックス
1,5,9,1.3517,3,ボックス
0,1,4,1.3055,3,ボックス
0,6,8,1.3167,3,ストレート
0,6,9,1.3328,3,ストレート
1,3,7,1.3167,3,ストレート
1,2,8,1.4007,3,ボックス
3,5,7,1.3258,3,ボックス
3,5,9,1.3678,3,ボックス
5,8,9,1.4035,3,ボックス
0,4,6,1.3216,3,ボックス
3,5,7,1.3398,3,ボックス
0,5,8,1.365,3,ボックス
0,3,9,1.3839,3,ボックス
0,8,9,1.4175,3,ボックス
3,6,7,1.3258,3,ボックス
3,4,5,1.3706,3,ボックス
1,7,9,1.3811,3,ストレート
1,6,9,1.3699,3,ボックス
1,6,7,1.3328,3,ストレート
2,3,8,1.4203,3,ストレート
0,5,9,1.4196,3,ボックス
2,3,6,1.3881,3,ボックス
0,4,7,1.3685,3,ボックス
1,2,5,1.4315,3,ボックス
2,5,9,1.4665,3,ストレート
0,3,5,1.4077,3,ストレート
1,7,8,1.4077,3,ボックス
3,4,9,1.4252,3,ボックス
1,3,4,1.4007,3,ボックス
3,6,8,1.4077,3,ボックス
1,4,7,1.3916,3,ボックス
0,3,8,1.4273,3,ストレート
0,5,7,1.407,3,ボックス
4,7,8,1.4042,3,ボックス
2,5,8,1.4805,3,ボックス
4,6,9,1.4203,3,ストレート
5,6,9,1.4483,3,ボックス
5,6,9,1.4553,3,ボックス
0,4,6,1.3909,3,ボックス
4,5,8,1.4413,3,ストレート
0,8,9,1.4875,3,ボックス
1,4,8,1.4343,3,ボックス
0,5,8,1.4714,3,ボックス
0,1,9,1.4763,3,ボックス
7,8,9,1.5085,3,ボックス
1,4,7,1.4252,3,ボックス
0,4,9,1.4833,3,ボックス
2,4,7,1.4693,3,ボックス
0,5,7,1.4714,3,ボックス
4,6,9,1.4693,3,ボックス
0,2,8,1.5246,3,ボックス
0,1,8,1.5036,3,ボックス
0,6,9,1.4966,3,ボックス
5,7,8,1.5218,3,ストレート
3,6,9,1.5036,3,ボックス
2,5,7,1.5337,3,ボックス
5,6,9,1.5176,3,ボックス
2,4,6,1.4945,3,ボックス
0,2,9,1.5848,3,ストレート
2,7,9,1.5827,3,ボックス
3,6,9,1.5134,3,ボックス
3,4,5,1.4875,3,ストレート
2,4,7,1.5176,3,ボックス
1,6,8,1.4966,3,ボックス
5,6,9,1.5456,3,ボックス
3,4,5,1.4994,3,ボックス
0,5,8,1.5456,3,ストレート
1,3,4,1.4735,3,ボックス
0,1,9,1.5477,3,ボックス
1,8,9,1.5687,3,ボックス
2,3,7,1.5526,3,ストレート
1,4,5,1.5267,3,ボックス
0,1,9,1.5687,3,ボックス
3,4,8,1.5365,3,ボックス
1,3,7,1.5246,3,ボックス
2,4,9,1.61,3,ボックス
2,3,7,1.5638,3,ボックス
2,4,7,1.5687,3,ボックス
4,5,9,1.6107,3,ボックス
3,6,7,1.5176,3,ストレート
0,3,4,1.5687,3,ボックス
1,6,8,1.5295,3,ボックス
1,5,9,1.6107,3,ストレート
1,2,5,1.5918,3,ボックス
1,4,6,1.5386,3,ボックス
2,5,6,1.6058,3,ボックス
1,2,9,1.6506,3,ボックス
1,3,6,1.5477,3,ボックス
6,8,9,1.6226,3,ボックス
2,3,5,1.6436,3,ストレート
0,5,6,1.5967,3,ボックス
0,2,5,1.6471,3,ボックス
1,4,7,1.5659,3,ボックス
1,8,9,1.6331,3,ボックス
0,1,7,1.5967,3,ボックス
0,7,8,1.6128,3,ボックス
3,4,5,1.6009,3,ボックス
5,7,8,1.6191,3,ボックス
0,4,8,1.6247,3,ストレート
2,3,4,1.6506,3,ボックス
0,1,2,1.6646,3,ボックス
1,3,7,1.596,3,ボックス
1,2,6,1.6506,3,ボックス
1,8,9,1.6632,3,ストレート
0,1,5,1.6422,3,ボックス
0,1,9,1.6702,3,ボックス
0,6,8,1.6478,3,ボックス
2,5,6,1.6744,3,ストレート
6,7,8,1.6408,3,ボックス
0,1,3,1.6576,3,ボックス
0,1,4,1.6667,3,ボックス
3,5,8,1.6856,3,ボックス
4,8,9,1.7178,3,ボックス
2,6,9,1.7276,3,ボックス
0,5,7,1.7017,3,ボックス
2,3,9,1.7647,3,ボックス
5,6,8,1.7108,3,ボックス
1,6,8,1.6884,3,ボックス
3,4,6,1.645,3,ボックス
1,3,9,1.7486,3,ボックス
3,5,8,1.7234,3,ボックス
2,7,8,1.7486,3,ボックス
0,2,8,1.7717,3,ストレート
0,1,2,1.7535,3,ストレート
6,7,9,1.7297,3,ストレート
0,4,6,1.6877,3,ボックス
2,7,8,1.7535,3,ボックス
4,7,9,1.7304,3,ボックス
0,4,8,1.7206,3,ボックス
2,5,9,1.8529,3,ボックス
1,3,8,1.7549,3,ボックス
2,3,5,1.7787,3,ボックス
1,4,9,1.7878,3,ボックス
4,7,9,1.7535,3,ボックス
2,6,8,1.7878,3,ボックス
3,5,8,1.7808,3,ボックス
2,7,8,1.7906,3,ボックス
5,6,8,1.7577,3,ボックス
3,4,9,1.7878,3,ボックス
0,3,7,1.7416,3,ボックス
0,3,6,1.7388,3,ストレート
3,5,7,1.7759,3,ストレート
3,5,9,1.8578,3,ボックス
3,4,7,1.7234,3,ボックス
1,3,4,1.7647,3,ボックス
1,7,9,1.8298,3,ボックス
3,5,8,1.8277,3,ボックス
2,3,4,1.8018,3,ボックス
0,2,5,1.8501,3,ボックス
2,6,8,1.8109,3,ボックス
3,4,5,1.7906,3,ボックス
1,4,5,1.8137,3,ボックス
1,4,6,1.7549,3,ボックス
2,3,6,1.8277,3,ボックス
2,6,9,1.869,3,ストレート
0,8,9,1.8907,3,ボックス
0,6,8,1.7878,3,ボックス
0,4,5,1.8277,3,ボックス
0,1,9,1.8998,3,ストレート
2,7,9,1.9159,3,ボックス
0,5,7,1.8298,3,ストレート
0,1,9,1.8991,3,ボックス
2,3,7,1.8809,3,ボックス
2,8,9,1.9747,3,ボックス
0,6,9,1.9019,3,ボックス
3,5,9,1.9425,3,ボックス
0,4,9,1.9138,3,ストレート
1,3,7,1.8557,3,ボックス
0,1,9,1.9313,3,ボックス
4,7,8,1.8228,3,ボックス
3,8,9,1.9859,3,ボックス
3,5,8,1.9292,3,ボックス
0,1,6,1.8557,3,ボックス
0,5,8,1.9292,3,ボックス
0,5,8,1.9355,3,ボックス
3,5,6,1.9068,3,ボックス
2,5,6,1.9397,3,ボックス
4,5,8,1.9082,3,ボックス
4,7,9,1.8963,3,ボックス
0,4,6,1.8389,3,ストレート
0,3,6,1.8893,3,ストレート
2,8,9,2.0237,3,ボックス
0,1,3,1.9173,3,ボックス
2,4,9,1.9999,3,ボックス
0,3,6,1.9061,3,ボックス
1,2,4,1.9348,3,ボックス
3,6,8,1.9439,3,ボックス
0,4,5,1.9334,3,ボックス
4,6,9,1.9628,3,ボックス
1,7,8,1.9159,3,ストレート
0,1,8,1.9698,3,ボックス
0,3,7,1.9383,3,ボックス
1,5,9,2.0328,3,ボックス
3,6,9,2.0279,3,ストレート
1,2,4,1.9355,3,ボックス
0,2,9,2.0909,3,ボックス
2,7,9,2.0328,3,ストレート
5,6,7,1.9124,3,ストレート
3,6,9,2.0279,3,ボックス
5,6,7,1.9264,3,ボックス
4,5,6,1.9509,3,ボックス
2,4,7,1.9383,3,ボックス
0,1,2,2.0006,3,ボックス
1,4,9,2.03,3,ボックス
1,2,8,2.0419,3,ボックス
2,3,8,2.0559,3,ボックス
1,5,9,2.079,3,ボックス
3,7,8,2.0118,3,ボックス
0,8,9,2.0951,3,ボックス
3,4,6,1.9999,3,ボックス
4,5,8,2.0167,3,ボックス
2,3,7,2.0307,3,ボックス
1,5,7,1.995,3,ボックス
3,4,5,2.065,3,ストレート
2,5,8,2.1119,3,ストレート
0,3,7,2.0146,3,ストレート
0,5,7,2.0118,3,ボックス
7,8,9,2.0811,3,ボックス
0,2,8,2.1049,3,ストレート
4,6,9,2.0629,3,ボックス
5,7,8,2.0419,3,ボックス
0,1,8,2.0398,3,ボックス
1,5,9,2.1322,3,ボックス
2,7,9,2.1231,3,ボックス
1,5,7,2.0258,3,ストレート
3,6,7,2.0398,3,ストレート
2,6,8,2.0979,3,ボックス
1,6,9,2.1,3,ボックス
3,5,8,2.1322,3,ボックス
4,7,8,2.0237,3,ストレート
0,3,8,2.1161,3,ボックス
0,6,8,2.086,3,ストレート
2,6,8,2.1,3,ボックス
1,2,6,2.0629,3,ボックス
0,3,5,2.1301,3,ボックス
3,7,9,2.1574,3,ボックス
1,5,7,2.058,3,ボックス
4,7,9,2.1112,3,ボックス
0,7,9,2.1658,3,ボックス
1,5,7,2.0699,3,ボックス
2,4,7,2.0839,3,ボックス
1,2,3,2.1658,3,ボックス
4,5,8,2.1133,3,ボックス
0,4,9,2.1798,3,ボックス
1,7,9,2.17,3,ボックス
0,7,9,2.1875,3,ボックス
6,8,9,2.2141,3,ボックス
0,4,9,2.1994,3,ボックス
4,8,9,2.2351,3,ボックス
1,5,8,2.1392,3,ボックス
2,6,7,2.135,3,ボックス
2,4,8,2.1959,3,ボックス
3,4,9,2.2407,3,ボックス
4,6,9,2.1833,3,ストレート
3,4,7,2.1609,3,ボックス
1,2,4,2.1504,3,ボックス
2,3,4,2.233,3,ストレート
1,2,7,2.1728,3,ボックス
1,2,4,2.1665,3,ボックス
3,7,9,2.2617,3,ボックス
3,6,7,2.1371,3,ボックス
3,7,9,2.2729,3,ボックス
2,6,9,2.2869,3,ボックス
1,2,5,2.219,3,ストレート
3,4,7,2.1735,3,ボックス
1,8,9,2.2771,3,ストレート
4,7,9,2.2407,3,ボックス
1,5,7,2.1483,3,ボックス
1,7,9,2.2407,3,ストレート
4,6,9,2.2246,3,ボックス
0,1,6,2.142,3,ボックス
0,3,6,2.2008,3,ボックス
1,2,8,2.247,3,ボックス
0,5,6,2.1819,3,ボックス
1,8,9,2.2869,3,ボックス
0,4,5,2.212,3,ボックス
2,6,8,2.2246,3,ボックス
4,5,8,2.2127,3,ボックス
4,6,9,2.2498,3,ボックス
0,1,3,2.2351,3,ボックス
1,3,4,2.2239,3,ストレート
1,3,8,2.261,3,ボックス
1,6,7,2.1588,3,ボックス
0,2,9,2.373,3,ボックス
1,2,9,2.359,3,ボックス
0,3,7,2.2316,3,ボックス
0,2,8,2.289,3,ボックス
0,3,7,2.2407,3,ボックス
2,8,9,2.4059,3,ボックス
3,6,8,2.2659,3,ボックス
4,5,8,2.2407,3,ボックス
0,5,8,2.2939,3,ボックス
0,4,8,2.2771,3,ボックス
0,1,6,2.1966,3,ボックス
0,4,9,2.3331,3,ボックス
3,5,8,2.3051,3,ボックス
1,6,8,2.247,3,ボックス
1,2,9,2.3702,3,ボックス
2,3,5,2.352,3,ボックス
2,3,9,2.4346,3,ボックス
0,2,3,2.3611,3,ボックス
2,3,7,2.3471,3,ストレート
1,6,7,2.1945,3,ストレート
2,4,7,2.2848,3,ボックス
2,4,9,2.429,3,ボックス
0,3,7,2.3079,3,ボックス
0,1,6,2.2498,3,ボックス
0,7,8,2.338,3,ボックス
5,6,8,2.282,3,ボックス
1,4,6,2.2449,3,ボックス
0,3,6,2.3191,3,ボックス
1,4,8,2.296,3,ボックス
3,5,9,2.4521,3,ボックス
1,7,8,2.3261,3,ボックス
3,7,9,2.4206,3,ボックス
0,4,5,2.3121,3,ボックス
2,6,9,2.4437,3,ボックス
1,2,7,2.3702,3,ストレート
1,4,6,2.2638,3,ボックス
3,8,9,2.5172,3,ボックス
0,5,6,2.3121,3,ボックス
2,4,7,2.3772,3,ボックス
3,6,9,2.4416,3,ストレート
4,5,9,2.4255,3,ストレート
0,2,8,2.4787,3,ボックス
2,4,7,2.4045,3,ストレート
2,6,8,2.4416,3,ボックス
4,5,9,2.4535,3,ボックス
0,3,9,2.5592,3,ボックス
2,6,9,2.534,3,ボックス
3,5,9,2.527,3,ボックス
2,4,5,2.471,3,ボックス
6,7,9,2.45,3,ストレート
0,5,9,2.527,3,ストレート
0,3,6,2.4094,3,ボックス
1,2,9,2.5662,3,ボックス
2,4,7,2.4395,3,ボックス
3,4,7,2.4241,3,ボックス
0,8,9,2.5389,3,ボックス
3,5,9,2.5571,3,ボックス
0,5,7,2.4199,3,ストレート
1,2,9,2.6033,3,ボックス
3,6,9,2.555,3,ボックス
1,3,9,2.604,3,ボックス
2,4,6,2.478,3,ボックス
2,3,9,2.6915,3,ボックス
2,3,4,2.5781,3,ボックス
2,4,5,2.506,3,ストレート
3,6,9,2.5823,3,ボックス
3,6,7,2.471,3,ストレート
1,3,8,2.527,3,ボックス
0,8,9,2.5984,3,ボックス
6,7,8,2.4206,3,ストレート
0,3,7,2.5109,3,ボックス
0,3,7,2.5228,3,ボックス
0,2,3,2.6481,3,ボックス
2,6,7,2.5039,3,ボックス
1,6,9,2.5522,3,ボックス
1,3,9,2.6334,3,ストレート
2,4,5,2.5501,3,ボックス
1,4,8,2.4598,3,ボックス
1,4,6,2.4115,3,ボックス
0,1,8,2.513,3,ボックス
0,8,9,2.6383,3,ボックス
4,6,9,2.5851,3,ボックス
4,6,8,2.492,3,ボックス
1,2,8,2.6082,3,ボックス
5,6,8,2.5221,3,ボックス
4,7,9,2.5963,3,ボックス
1,8,9,2.6383,3,ボックス
2,4,5,2.6012,3,ボックス
3,5,6,2.5781,3,ストレート
2,6,7,2.562,3,ボックス
0,2,5,2.6642,3,ボックス
4,8,9,2.6831,3,ボックス
3,8,9,2.7713,3,ボックス
1,7,9,2.6285,3,ボックス
4,6,8,2.506,3,ストレート
0,2,3,2.7258,3,ボックス
0,5,9,2.6915,3,ボックス
1,3,6,2.597,3,ボックス
0,3,4,2.6642,3,ボックス
5,6,8,2.5522,3,ボックス
0,3,6,2.6264,3,ボックス
0,3,8,2.6887,3,ボックス
0,5,9,2.7097,3,ストレート
1,4,6,2.4997,3,ボックス
3,7,9,2.7853,3,ボックス
1,3,6,2.6124,3,ボックス
4,7,8,2.5991,3,ストレート
1,4,7,2.5431,3,ストレート
4,5,9,2.7181,3,ボックス
5,7,8,2.6411,3,ボックス
0,1,3,2.6775,3,ボックス
4,5,8,2.6173,3,ボックス
1,8,9,2.7349,3,ボックス
3,4,5,2.6866,3,ストレート
0,5,8,2.6992,3,ボックス
0,2,3,2.8,3,ボックス
2,3,8,2.8462,3,ボックス
1,5,7,2.6033,3,ボックス
0,5,9,2.772,3,ボックス
4,7,9,2.7118,3,ボックス
1,4,7,2.5921,3,ストレート
2,3,4,2.8133,3,ボックス
1,2,9,2.8532,3,ボックス
1,5,8,2.7041,3,ストレート
0,2,5,2.7699,3,ボックス
2,4,8,2.7741,3,ボックス
3,6,8,2.7412,3,ボックス
1,2,4,2.7531,3,ボックス
3,4,5,2.751,3,ボックス
1,2,4,2.7377,3,ストレート
5,6,8,2.6635,3,ボックス
1,3,9,2.9043,3,ボックス
1,6,8,2.6712,3,ストレート
1,5,8,2.7307,3,ボックス
1,8,9,2.8294,3,ストレート
1,5,6,2.6782,3,ボックス
2,3,4,2.8462,3,ボックス
1,2,4,2.7671,3,ボックス
2,6,9,2.8413,3,ボックス
1,2,5,2.8392,3,ボックス
2,7,9,2.8896,3,ボックス
1,3,8,2.8532,3,ボックス
5,6,9,2.8133,3,ボックス
1,3,8,2.8343,3,ボックス
5,7,8,2.7419,3,ボックス
0,1,8,2.7951,3,ボックス
3,4,6,2.7531,3,ボックス
4,7,9,2.8021,3,ボックス
4,5,6,2.6901,3,ボックス
0,1,4,2.7258,3,ボックス
2,4,6,2.7741,3,ボックス
3,4,6,2.7489,3,ボックス
2,3,4,2.9085,3,ボックス
3,7,9,2.9246,3,ボックス
4,7,9,2.8294,3,ボックス
1,2,6,2.8231,3,ボックス
2,4,9,3.0023,3,ストレート
2,4,5,2.9022,3,ボックス
2,5,9,3.0303,3,ボックス
1,3,4,2.8742,3,ボックス
2,5,8,2.9085,3,ストレート
0,1,8,2.8,3,ボックス
2,5,6,2.8672,3,ボックス
1,5,6,2.7538,3,ボックス
0,2,9,3.0464,3,ボックス
2,4,6,2.8574,3,ボックス
0,6,7,2.7349,3,ボックス
3,4,7,2.8812,3,ストレート
7,8,9,2.9393,3,ボックス
1,5,6,2.7951,3,ボックス
3,5,8,2.9358,3,ボックス
1,5,7,2.8091,3,ボックス
2,5,9,3.0702,3,ストレート
0,6,7,2.7699,3,ボックス
3,5,8,2.9519,3,ボックス
2,3,8,3.0401,3,ボックス
1,4,6,2.793,3,ボックス
5,6,7,2.8273,3,ストレート
4,5,9,3.0023,3,ボックス
2,4,9,3.0611,3,ボックス
0,4,8,2.8931,3,ボックス
3,4,8,2.9743,3,ボックス
0,1,4,2.8483,3,ボックス
4,5,6,2.8462,3,ボックス
4,6,8,2.8791,3,ボックス
1,2,7,2.9442,3,ボックス
1,5,7,2.8434,3,ボックス
0,5,7,2.8812,3,ボックス
0,3,5,2.9729,3,ボックス
0,6,7,2.8112,3,ボックス
4,5,9,3.0142,3,ボックス
1,2,6,2.9386,3,ボックス
7,8,9,2.9911,3,ボックス
2,8,9,3.1535,3,ストレート
0,3,5,2.9869,3,ボックス
0,1,8,2.9155,3,ボックス
0,3,9,3.1213,3,ボックス
0,1,5,2.9463,3,ストレート
0,2,7,3.0072,3,ボックス
3,6,8,2.9953,3,ボックス
4,7,8,2.9183,3,ボックス
1,2,8,3.0583,3,ボックス
1,5,9,3.0674,3,ボックス
3,7,9,3.0772,3,ボックス
0,4,9,3.0632,3,ボックス
0,5,8,2.9974,3,ボックス
3,5,7,3.0163,3,ボックス
5,6,8,2.9582,3,ボックス
0,3,7,3.0114,3,ボックス
0,4,9,3.0492,3,ボックス
1,7,8,2.9512,3,ボックス
1,6,8,2.9414,3,ボックス
2,4,6,2.9869,3,ボックス
7,8,9,3.0562,3,ストレート
0,2,7,3.0212,3,ボックス
6,7,8,2.9393,3,ボックス
0,2,8,3.1143,3,ボックス
1,3,6,3.0044,3,ボックス
5,6,9,3.0814,3,ボックス
2,4,6,3.01,3,ボックス
0,3,6,3.0303,3,ストレート
0,1,2,3.0583,3,ボックス
0,3,6,3.0121,3,ストレート
1,2,5,3.0744,3,ボックス
0,1,4,2.968,3,ボックス
0,2,5,3.1283,3,ボックス
0,2,7,3.0611,3,ボックス
1,7,9,3.0632,3,ボックス
0,4,5,3.0303,3,ボックス
1,2,9,3.2214,3,ストレート
1,2,6,3.0492,3,ストレート
2,4,8,3.1465,3,ボックス
0,1,6,2.9659,3,ストレート
1,3,8,3.1234,3,ボックス
1,4,7,2.9708,3,ボックス
6,7,8,2.9729,3,ボックス
1,2,4,3.1374,3,ボックス
0,3,9,3.1948,3,ボックス
1,8,9,3.1913,3,ボックス
0,1,4,3.0261,3,ボックス
1,7,9,3.1185,3,ボックス
1,3,8,3.1255,3,ボックス
3,5,8,3.1325,3,ボックス
2,4,5,3.1605,3,ボックス
1,3,8,3.1395,3,ボックス
0,2,8,3.1738,3,ボックス
1,5,8,3.1234,3,ボックス
1,2,7,3.1325,3,ボックス
3,4,9,3.2445,3,ボックス
0,6,8,3.0611,3,ボックス
0,3,9,3.2592,3,ボックス
0,6,9,3.1647,3,ボックス
4,7,9,3.1885,3,ボックス
2,3,4,3.2564,3,ボックス
1,4,8,3.1206,3,ボックス
5,6,8,3.0702,3,ボックス
3,4,6,3.1094,3,ボックス
3,4,8,3.2193,3,ボックス
1,4,6,3.1094,3,ボックス
7,8,9,3.2088,3,ボックス
5,6,9,3.1878,3,ボックス
4,5,7,3.1052,3,ボックス
1,2,5,3.2018,3,ボックス
4,5,9,3.2753,3,ストレート
0,2,8,3.241,3,ボックス
3,4,9,3.3054,3,ボックス
5,8,9,3.3103,3,ボックス
0,1,6,3.1024,3,ボックス
1,2,6,3.1899,3,ボックス
1,2,6,3.1969,3,ボックス
0,3,4,3.2263,3,ボックス
3,6,8,3.2214,3,ボックス
1,4,5,3.1507,3,ボックス
2,7,9,3.3523,3,ストレート
2,5,8,3.2963,3,ボックス
2,6,7,3.1808,3,ストレート
4,7,8,3.1556,3,ボックス
4,5,9,3.2942,3,ボックス
1,3,9,3.3803,3,ボックス
3,5,9,3.3803,3,ボックス
2,4,8,3.2963,3,ボックス
2,4,7,3.234,3,ボックス
1,3,7,3.2284,3,ボックス
3,7,8,3.2564,3,ボックス
6,7,9,3.2774,3,ボックス
2,3,5,3.3565,3,ストレート
2,5,8,3.3103,3,ボックス
1,8,9,3.3586,3,ボックス
3,4,8,3.2893,3,ストレート
7,8,9,3.3264,3,ボックス
0,3,9,3.3747,3,ボックス
1,5,7,3.1913,3,ボックス
1,5,6,3.2004,3,ボックス
0,4,7,3.1885,3,ボックス
1,5,8,3.2452,3,ボックス
0,4,5,3.2088,3,ボックス
2,6,7,3.234,3,ボックス
0,1,6,3.1787,3,ボックス
3,6,9,3.3985,3,ボックス
0,5,8,3.2823,3,ストレート
5,8,9,3.3957,3,ボックス
2,3,9,3.5336,3,ストレート
0,1,2,3.3523,3,ボックス
2,4,7,3.2872,3,ボックス
1,4,7,3.2354,3,ボックス
1,4,9,3.4104,3,ボックス
0,4,9,3.4076,3,ボックス
1,3,6,3.3103,3,ストレート
0,2,3,3.4244,3,ボックス
0,6,8,3.2641,3,ストレート
1,2,8,3.4265,3,ボックス
2,4,7,3.3215,3,ボックス
6,8,9,3.4314,3,ボックス
3,5,8,3.3936,3,ボックス
0,1,5,3.3264,3,ボックス
4,5,7,3.2592,3,ボックス
0,4,7,3.2711,3,ボックス
1,2,6,3.3565,3,ボックス
1,5,7,3.2662,3,ボックス
0,1,7,3.3173,3,ボックス
3,8,9,3.5112,3,ボックス
2,5,6,3.3964,3,ボックス
1,4,7,3.2914,3,ボックス
0,5,9,3.4846,3,ボックス
0,2,8,3.4531,3,ボックス
1,8,9,3.4902,3,ストレート
0,3,8,3.4237,3,ボックス
3,6,9,3.458,3,ボックス
3,5,6,3.3754,3,ボックス
3,4,7,3.3845,3,ボックス
2,4,8,3.4629,3,ボックス
4,6,7,3.2935,3,ボックス
1,6,7,3.3005,3,ボックス
3,5,6,3.3635,3,ボックス
5,7,8,3.3733,3,ボックス
3,5,9,3.5322,3,ボックス
0,3,8,3.458,3,ボックス
2,4,5,3.4846,3,ボックス
0,4,9,3.4972,3,ボックス
4,7,8,3.3656,3,ボックス
0,2,3,3.5224,3,ボックス
3,6,7,3.3845,3,ボックス
3,6,7,3.3607,3,ボックス
0,6,7,3.3474,3,ボックス
5,8,9,3.5392,3,ボックス
7,8,9,3.4993,3,ボックス
1,3,4,3.4776,3,ストレート
2,3,6,3.5294,3,ストレート
2,4,6,3.4776,3,ボックス
1,4,8,3.4279,3,ボックス
3,7,8,3.4846,3,ボックス
0,2,9,3.6456,3,ボックス
0,6,7,3.3425,3,ボックス
3,4,5,3.5084,3,ボックス
7,8,9,3.5224,3,ボックス
5,6,7,3.3516,3,ボックス
0,1,8,3.4776,3,ストレート
1,2,8,3.5343,3,ボックス
2,3,6,3.5322,3,ボックス
2,5,6,3.4881,3,ボックス
1,3,9,3.6316,3,ボックス
0,5,9,3.5644,3,ボックス
0,7,8,3.4685,3,ストレート
2,6,8,3.5392,3,ボックス
3,4,8,3.5875,3,ボックス
0,7,9,3.5784,3,ボックス
1,4,5,3.458,3,ボックス
0,4,8,3.5434,3,ボックス
4,7,9,3.5896,3,ボックス
1,2,8,3.6057,3,ボックス
3,8,9,3.7009,3,ボックス
0,1,6,3.4895,3,ボックス
1,2,5,3.5896,3,ボックス
4,8,9,3.6568,3,ストレート
0,5,9,3.6407,3,ボックス
2,3,6,3.6057,3,ボックス
3,4,6,3.5504,3,ボックス
2,7,8,3.6267,3,ボックス
0,1,9,3.6428,3,ボックス
3,5,9,3.7009,3,ボックス
2,3,4,3.668,3,ストレート
1,2,6,3.6036,3,ボックス
3,4,9,3.7345,3,ボックス
1,2,8,3.6638,3,ボックス
0,4,5,3.5735,3,ボックス
3,4,7,3.5364,3,ボックス
3,6,8,3.6176,3,ボックス
0,4,8,3.5875,3,ボックス
1,7,8,3.5595,3,ボックス
3,4,7,3.5504,3,ボックス
3,5,8,3.6855,3,ボックス
4,5,9,3.7065,3,ボックス
1,3,9,3.7282,3,ボックス
6,7,9,3.5735,3,ボックス
0,6,7,3.465,3,ボックス
1,8,9,3.7527,3,ストレート
6,7,8,3.5434,3,ボックス
0,4,6,3.5644,3,ボックス
0,4,9,3.7072,3,ボックス
4,5,9,3.7142,3,ボックス
2,3,4,3.7373,3,ストレート
4,5,7,3.5756,3,ボックス
3,6,8,3.6449,3,ボックス
1,8,9,3.7443,3,ボックス
2,5,9,3.8577,3,ボックス
2,4,7,3.6358,3,ボックス
3,6,8,3.6568,3,ボックス
0,3,6,3.6715,3,ボックス
4,6,8,3.6547,3,ボックス
7,8,9,3.7261,3,ボックス
0,4,9,3.7604,3,ボックス
2,3,9,3.9417,3,ボックス
2,5,9,3.8647,3,ボックス
1,8,9,3.7884,3,ストレート
0,4,9,3.7793,3,ボックス
0,1,3,3.7205,3,ボックス
0,1,3,3.7009,3,ボックス
0,6,9,3.8017,3,ボックス
6,8,9,3.8416,3,ボックス
2,7,9,3.8556,3,ストレート
0,2,8,3.7933,3,ボックス
2,4,8,3.8297,3,ボックス
0,5,9,3.8136,3,ボックス
4,7,9,3.7513,3,ボックス
1,2,3,3.8416,3,ボックス
1,5,8,3.7296,3,ボックス
0,2,9,3.9179,3,ボックス
2,4,9,3.9606,3,ボックス
4,7,8,3.6925,3,ボックス
5,6,7,3.6267,3,ボックス
2,5,7,3.7667,3,ボックス
1,3,7,3.7016,3,ストレート
3,5,6,3.7646,3,ボックス
0,8,9,3.9116,3,ボックス
2,3,8,3.9298,3,ボックス
2,3,4,3.8598,3,ボックス
3,6,9,3.9158,3,ストレート
2,5,6,3.7863,3,ボックス
4,5,6,3.7205,3,ボックス
6,8,9,3.8668,3,ボックス
1,2,8,3.8276,3,ボックス
0,7,8,3.696,3,ボックス
2,7,8,3.8367,3,ボックス
0,1,6,3.7107,3,ボックス
2,4,7,3.7632,3,ボックス
3,7,8,3.8115,3,ボックス
4,5,7,3.6708,3,ボックス
1,6,9,3.8206,3,ボックス
3,4,5,3.8297,3,ボックス
3,7,9,3.8878,3,ボックス
0,5,8,3.8297,3,ストレート
0,3,6,3.7905,3,ボックス
3,7,9,3.9039,3,ストレート
2,8,9,4.0334,3,ボックス
1,3,6,3.8017,3,ボックス
1,7,9,3.8164,3,ボックス
1,2,4,3.8626,3,ボックス
0,3,6,3.8094,3,ボックス
5,7,8,3.7975,3,ストレート
3,4,8,3.8738,3,ボックス
0,6,8,3.7975,3,ボックス
0,7,8,3.7772,3,ボックス
3,7,8,3.8507,3,ボックス
1,3,9,3.9998,3,ボックス
2,7,9,3.9802,3,ボックス
3,6,9,3.9781,3,ボックス
1,5,7,3.7485,3,ボックス
4,8,9,3.9683,3,ボックス
2,3,5,3.9956,3,ストレート
5,7,8,3.8024,3,ボックス
1,6,7,3.7436,3,ボックス
0,4,8,3.8367,3,ボックス
5,6,7,3.7471,3,ストレート
2,4,8,3.9431,3,ボックス
0,3,5,3.9186,3,ボックス
0,3,4,3.9088,3,ボックス
0,1,9,3.934,3,ボックス
2,6,9,4.0726,3,ボックス
1,4,8,3.8696,3,ボックス
0,3,7,3.8976,3,ボックス
2,4,9,4.0537,3,ボックス
0,2,3,4.0376,3,ボックス
0,5,6,3.8556,3,ボックス
0,3,5,3.9158,3,ボックス
1,7,8,3.8556,3,ストレート
5,8,9,4.0334,3,ストレート
4,5,9,4.0117,3,ストレート
0,2,5,3.9886,3,ボックス
1,7,8,3.8297,3,ボックス
1,4,6,3.7835,3,ボックス
3,7,9,4.0194,3,ボックス
3,7,8,3.9389,3,ストレート
3,4,5,3.9179,3,ボックス
2,4,5,3.9886,3,ボックス
1,2,4,3.92,3,ボックス
1,2,8,3.9844,3,ボックス
0,1,6,3.8164,3,ストレート
2,5,9,4.1538,3,ボックス
2,7,8,3.9893,3,ボックス
1,7,9,3.948,3,ボックス
3,5,8,4.0397,3,ボックス
5,6,9,4.0082,3,ボックス
2,3,9,4.1902,3,ボックス
2,3,7,4.0628,3,ボックス
0,2,9,4.1867,3,ボックス
2,7,8,4.0145,3,ボックス
0,7,9,4.0145,3,ボックス
3,6,8,4.0376,3,ストレート
6,7,9,4.0257,3,ボックス
0,7,9,4.0264,3,ボックス
1,6,7,3.8255,3,ボックス
3,7,8,4.0054,3,ストレート
0,5,6,3.913,3,ボックス
0,5,9,4.1167,3,ボックス
3,5,9,4.1818,3,ボックス
1,4,6,3.8528,3,ストレート
2,6,7,4.0278,3,ボックス
2,3,8,4.2077,3,ボックス
4,6,9,4.0789,3,ボックス
1,2,3,4.1209,3,ボックス
2,3,8,4.1811,3,ボックス
1,3,8,4.0404,3,ボックス
0,3,4,4.0145,3,ボックス
4,5,6,3.9578,3,ボックス
1,6,8,3.955,3,ボックス
2,6,7,4.0243,3,ボックス
0,2,7,4.0516,3,ボックス
1,3,9,4.1461,3,ボックス
2,4,8,4.1349,3,ボックス
3,4,9,4.186,3,ボックス
3,4,9,4.1923,3,ボックス
1,6,8,3.9711,3,ストレート
3,6,8,4.0936,3,ストレート
4,6,8,4.0656,3,ボックス
0,5,9,4.1349,3,ボックス
0,8,9,4.2399,3,ボックス
1,4,5,3.955,3,ボックス
0,1,5,3.9998,3,ボックス
3,4,9,4.2224,3,ボックス
4,8,9,4.2133,3,ボックス
1,7,9,4.0936,3,ボックス
2,7,9,4.2868,3,ボックス
0,5,7,4.0376,3,ストレート
3,8,9,4.3449,3,ボックス
0,5,9,4.179,3,ストレート
3,6,8,4.1531,3,ボックス
2,7,9,4.2784,3,ボックス
4,7,8,4.1118,3,ボックス
1,8,9,4.2378,3,ボックス
2,3,8,4.2896,3,ボックス
1,3,8,4.1398,3,ストレート
3,7,8,4.179,3,ボックス
2,5,8,4.2637,3,ボックス
1,5,7,3.9963,3,ボックス
1,3,9,4.2392,3,ボックス
2,8,9,4.424,3,ボックス
6,8,9,4.2686,3,ボックス
1,5,7,4.0082,3,ボックス
1,7,8,4.1139,3,ボックス
3,6,7,4.1608,3,ボックス
0,5,6,4.0656,3,ボックス
2,3,8,4.3407,3,ボックス
2,3,7,4.3057,3,ストレート
1,4,6,4.0215,3,ボックス
3,4,5,4.2007,3,ボックス
0,1,5,4.0425,3,ストレート
0,7,9,4.2364,3,ボックス
1,8,9,4.2756,3,ボックス
3,5,7,4.2147,3,ストレート
0,1,8,4.1587,3,ボックス
3,5,8,4.3008,3,ボックス
0,6,9,4.2413,3,ボックス
4,8,9,4.3337,3,ボックス
3,8,9,4.4303,3,ボックス
6,7,8,4.2168,3,ストレート
4,6,9,4.2623,3,ストレート
2,4,9,4.4289,3,ボックス
0,1,4,4.1097,3,ボックス
3,4,6,4.2378,3,ボックス
2,6,9,4.3869,3,ボックス
0,2,8,4.354,3,ボックス
3,4,7,4.2224,3,ストレート
4,6,8,4.2154,3,ボックス
2,7,9,4.4072,3,ボックス
0,1,6,4.0817,3,ボックス
2,5,7,4.2553,3,ストレート
0,2,8,4.3337,3,ストレート
3,6,8,4.3106,3,ボックス
1,4,6,4.1048,3,ボックス
3,6,8,4.3267,3,ボックス
0,8,9,4.4072,3,ボックス
4,6,7,4.2147,3,ボックス
7,8,9,4.4618,3,ボックス
5,6,7,4.2217,3,ボックス
0,1,8,4.2273,3,ボックス
0,3,5,4.3078,3,ボックス
1,6,9,4.3218,3,ボックス
4,6,8,4.2917,3,ボックス
2,3,9,4.5486,3,ボックス
2,5,6,4.34,3,ボックス
0,7,8,4.3288,3,ボックス
3,4,6,4.3057,3,ボックス
0,2,9,4.515,3,ボックス
0,6,8,4.354,3,ボックス
1,5,7,4.1671,3,ボックス
0,2,9,4.4863,3,ストレート
0,4,6,4.2707,3,ボックス
1,4,8,4.3078,3,ストレート
3,5,8,4.3939,3,ストレート
0,1,9,4.4009,3,ボックス
5,6,9,4.466,3,ボックス
3,4,7,4.3246,3,ボックス
1,6,7,4.2497,3,ボックス
3,4,6,4.3589,3,ボックス
1,3,4,4.347,3,ボックス
2,5,9,4.5619,3,ストレート
1,3,8,4.4408,3,ボックス
1,4,6,4.2483,3,ボックス
3,4,5,4.3708,3,ボックス
0,7,9,4.4331,3,ボックス
4,5,6,4.2987,3,ボックス
6,7,8,4.3638,3,ストレート
0,4,7,4.2784,3,ボックス
4,7,9,4.4534,3,ボックス
1,6,9,4.4331,3,ボックス
3,5,8,4.4674,3,ボックス
0,3,6,4.4478,3,ボックス
0,2,8,4.4632,3,ストレート
5,7,8,4.41,3,ボックス
4,7,8,4.4219,3,ボックス
0,4,9,4.5248,3,ボックス
2,3,7,4.5318,3,ボックス
2,3,7,4.4996,3,ボックス
0,3,6,4.4282,3,ストレート
1,3,9,4.592,3,ボックス
0,4,9,4.4996,3,ボックス
2,3,6,4.578,3,ボックス
3,5,7,4.4779,3,ボックス
0,4,9,4.5066,3,ストレート
1,6,8,4.4289,3,ボックス
0,4,7,4.3379,3,ボックス
3,7,8,4.5661,3,ボックス
4,6,9,4.5759,3,ボックス
1,6,7,4.3148,3,ボックス
0,1,9,4.4765,3,ボックス
2,3,4,4.599,3,ボックス
4,6,9,4.5556,3,ボックス
0,8,9,4.6151,3,ボックス
3,4,9,4.6543,3,ボックス
2,6,9,4.6991,3,ボックス
2,7,8,4.5367,3,ボックス
1,4,9,4.557,3,ボックス
5,8,9,4.676,3,ボックス
3,7,8,4.5486,3,ボックス
2,3,9,4.7586,3,ボックス
6,8,9,4.704,3,ボックス
2,7,9,4.7019,3,ボックス
1,3,7,4.4709,3,ボックス
0,5,8,4.4534,3,ボックス
0,4,6,4.396,3,ボックス
2,6,9,4.6914,3,ストレート
1,7,8,4.4709,3,ストレート
2,6,8,4.6389,3,ボックス
1,2,6,4.4632,3,ボックス
1,2,7,4.4898,3,ストレート
1,6,9,4.5717,3,ボックス
0,8,9,4.6823,3,ボックス
5,6,7,4.424,3,ストレート
1,6,8,4.4814,3,ボックス
1,2,8,4.6081,3,ボックス
0,5,9,4.6389,3,ボックス
0,8,9,4.7075,3,ボックス
2,3,6,4.641,3,ストレート
2,6,9,4.7446,3,ボックス
5,6,7,4.4464,3,ボックス
0,2,7,4.5689,3,ボックス
4,7,8,4.5388,3,ボックス
3,7,9,4.7831,3,ボックス
4,6,9,4.6613,3,ボックス
3,6,8,4.7061,3,ボックス
0,6,8,4.599,3,ボックス
1,2,9,4.746,3,ストレート
0,1,9,4.5948,3,ボックス
2,4,7,4.6011,3,ボックス
4,6,7,4.5339,3,ボックス
1,4,9,4.6221,3,ボックス
0,6,7,4.5248,3,ボックス
2,5,8,4.6571,3,ボックス
0,1,5,4.4072,3,ボックス
2,3,9,4.8622,3,ボックス
1,2,7,4.5388,3,ボックス
0,3,7,4.6011,3,ボックス
4,6,7,4.5115,3,ボックス
2,6,9,4.8097,3,ストレート
2,4,9,4.83,3,ボックス
1,3,8,4.6711,3,ボックス
5,6,8,4.6431,3,ボックス
2,3,7,4.6914,3,ボックス
3,7,9,4.7908,3,ボックス
2,4,9,4.7978,3,ボックス
1,2,3,4.697,3,ボックス
3,4,7,4.6018,3,ボックス
3,4,9,4.8097,3,ストレート
4,7,8,4.613,3,ボックス
0,1,4,4.487,3,ボックス
1,5,8,4.6011,3,ボックス
5,8,9,4.8167,3,ボックス
0,1,9,4.6592,3,ストレート
1,8,9,4.7957,3,ボックス
5,6,8,4.6571,3,ボックス
5,7,8,4.6781,3,ボックス
0,8,9,4.8328,3,ボックス
1,4,6,4.5801,3,ボックス
2,4,9,4.8671,3,ボックス
1,3,8,4.7124,3,ボックス
4,7,8,4.6711,3,ボックス
2,3,6,4.7838,3,ストレート
0,3,7,4.641,3,ボックス
2,3,4,4.8202,3,ボックス
2,6,8,4.8139,3,ボックス
3,4,8,4.8391,3,ボックス
0,5,8,4.711,3,ボックス
6,7,9,4.851,3,ストレート
1,3,7,4.6949,3,ボックス
0,3,6,4.7341,3,ボックス
3,6,8,4.844,3,ストレート
2,7,9,4.9063,3,ボックス
1,6,8,4.7145,3,ボックス
2,3,4,4.8188,3,ボックス
1,2,3,4.7908,3,ボックス
1,2,9,4.8923,3,ボックス
0,4,6,4.662,3,ボックス
0,2,9,4.9462,3,ボックス
3,5,9,4.9224,3,ボックス
6,7,9,4.8461,3,ボックス
3,5,9,4.9315,3,ストレート
2,6,8,4.8741,3,ボックス
5,6,7,4.6921,3,ボックス
1,8,9,4.9182,3,ボックス
0,5,8,4.7264,3,ストレート
1,7,9,4.8069,3,ボックス
2,6,9,4.9826,3,ボックス
0,4,9,4.8349,3,ストレート
3,5,6,4.83,3,ボックス
2,5,6,4.8391,3,ボックス
1,2,8,4.8881,3,ボックス
2,5,8,4.8951,3,ストレート
2,4,8,4.942,3,ボックス
1,2,9,4.9455,3,ストレート
0,1,6,4.6711,3,ボックス
2,4,9,4.9966,3,ボックス
2,6,7,4.8461,3,ボックス
3,4,8,4.9042,3,ボックス
0,3,5,4.7635,3,ボックス
4,7,8,4.7978,3,ボックス
1,5,8,4.7726,3,ボックス
0,8,9,4.9945,3,ボックス
0,5,8,4.7957,3,ボックス
2,3,5,4.9154,3,ボックス
5,6,7,4.7145,3,ストレート
3,5,7,4.844,3,ボックス
0,1,8,4.8041,3,ボックス
2,4,6,4.893,3,ボックス
4,5,9,4.991,3,ボックス
1,5,8,4.8139,3,ボックス
3,5,9,5.0449,3,ボックス
4,7,8,4.837,3,ボックス
2,4,8,4.9714,3,ボックス
2,6,8,4.9805,3,ストレート
3,4,5,4.907,3,ボックス
1,5,9,4.9203,3,ボックス
0,2,7,4.851,3,ストレート
0,5,7,4.767,3,ボックス
4,6,9,4.9847,3,ボックス
0,1,6,4.6984,3,ボックス
1,2,7,4.8482,3,ボックス
3,7,8,4.998,3,ストレート
0,3,8,4.998,3,ボックス
1,2,3,4.9294,3,ボックス
4,7,9,5.0183,3,ボックス
1,4,7,4.774,3,ボックス
3,8,9,5.1926,3,ボックス
1,4,5,4.8041,3,ボックス
0,3,4,4.9112,3,ボックス
1,7,9,4.9315,3,ボックス
1,2,3,4.9483,3,ボックス
2,3,7,5.0302,3,ボックス
1,4,9,4.9735,3,ストレート
0,3,4,4.8902,3,ストレート
2,3,6,5.0533,3,ボックス
4,8,9,5.1352,3,ボックス
4,6,7,4.865,3,ボックス
3,6,8,5.0722,3,ストレート
3,7,9,5.1702,3,ストレート
1,5,6,4.837,3,ボックス
1,5,7,4.83,3,ボックス
1,3,8,5.0036,3,ボックス
4,7,9,5.0428,3,ボックス
1,2,6,4.9532,3,ボックス
1,5,9,5.0057,3,ボックス
2,6,9,5.1534,3,ボックス
0,1,3,4.928,3,ボックス
4,5,6,4.9112,3,ストレート
1,2,3,5.0267,3,ストレート
1,5,7,4.8118,3,ストレート
0,3,6,4.9343,3,ボックス
0,1,7,4.8272,3,ボックス
4,5,6,4.879,3,ボックス
1,2,3,5.0428,3,ボックス
1,2,7,4.9294,3,ボックス
0,2,3,5.0953,3,ボックス
2,7,8,5.1072,3,ボックス
3,6,9,5.2332,3,ボックス
2,5,7,5.0183,3,ボックス
4,5,9,5.0869,3,ボックス
1,6,7,4.8489,3,ボックス
1,7,8,4.9364,3,ストレート
2,6,8,5.0932,3,ボックス
0,3,8,5.0519,3,ボックス
1,2,8,5.1121,3,ボックス
2,4,6,5.0288,3,ボックス
2,4,8,5.1212,3,ボックス
1,5,6,4.879,3,ストレート
3,6,8,5.1191,3,ボックス
2,3,9,5.3704,3,ボックス
0,4,5,4.8972,3,ボックス
0,2,3,5.1051,3,ボックス
2,4,6,5.0638,3,ボックス
0,5,6,4.949,3,ボックス
2,3,6,5.1674,3,ストレート
4,5,8,5.0449,3,ボックス
1,7,9,5.0659,3,ボックス
0,1,6,4.8692,3,ボックス
5,8,9,5.2297,3,ボックス
2,5,9,5.3144,3,ボックス
2,4,8,5.1723,3,ボックス
2,7,8,5.1492,3,ストレート
3,4,5,5.0799,3,ボックス
0,1,2,5.0393,3,ストレート
1,2,8,5.1352,3,ストレート
1,5,9,5.1261,3,ボックス
0,1,7,4.8671,3,ボックス
5,6,8,5.1303,3,ボックス
6,7,8,5.1072,3,ボックス
4,6,8,5.1373,3,ボックス
3,8,9,5.3571,3,ボックス
2,5,7,5.103,3,ボックス
0,8,9,5.2703,3,ストレート
5,7,8,5.1331,3,ボックス
2,7,8,5.1975,3,ボックス
3,8,9,5.3732,3,ボックス
1,3,9,5.2822,3,ボックス
2,4,5,5.1373,3,ボックス
1,7,9,5.1303,3,ボックス
1,3,9,5.2458,3,ボックス
4,8,9,5.3039,3,ボックス
0,5,9,5.2101,3,ボックス
1,3,8,5.1695,3,ボックス
0,1,8,5.0771,3,ボックス
7,8,9,5.2969,3,ボックス
0,3,5,5.1303,3,ストレート
4,7,8,5.1681,3,ストレート
0,3,7,5.1142,3,ボックス
1,2,9,5.3039,3,ボックス
0,3,7,5.0771,3,ボックス
1,2,5,5.1751,3,ボックス
0,3,8,5.2024,3,ボックス
2,3,9,5.4516,3,ストレート
6,7,8,5.1331,3,ストレート
3,7,8,5.2486,3,ボックス
1,5,7,5.0218,3,ボックス
0,1,5,5.0323,3,ボックス
1,8,9,5.3249,3,ボックス
1,6,9,5.2612,3,ストレート
1,6,8,5.1842,3,ボックス
3,6,7,5.2101,3,ボックス
1,4,5,5.0953,3,ストレート
1,4,6,5.0813,3,ボックス
3,8,9,5.4796,3,ボックス
1,6,9,5.2388,3,ボックス
2,4,8,5.306,3,ボックス
0,8,9,5.3501,3,ボックス
5,8,9,5.4103,3,ボックス
3,6,8,5.306,3,ボックス
2,3,6,5.313,3,ストレート
5,7,8,5.2255,3,ボックス
1,5,6,5.0841,3,ボックス
2,7,8,5.3312,3,ストレート
4,6,8,5.2318,3,ボックス
2,3,8,5.4964,3,ボックス
0,4,6,5.1212,3,ボックス
1,3,9,5.3711,3,ボックス
1,4,6,5.096,3,ボックス
5,6,8,5.2668,3,ボックス
5,6,7,5.1961,3,ボックス
0,3,8,5.3018,3,ストレート
2,4,5,5.2619,3,ボックス
0,1,8,5.1744,3,ストレート
2,8,9,5.6105,3,ボックス
0,4,9,5.2899,3,ボックス
3,6,8,5.3711,3,ボックス
5,7,8,5.2829,3,ボックス
2,8,9,5.579,3,ボックス
2,6,7,5.2668,3,ボックス
2,5,6,5.3452,3,ボックス
1,4,5,5.1422,3,ストレート
0,1,3,5.1723,3,ストレート
0,1,6,5.1352,3,ボックス
1,7,8,5.2486,3,ボックス
3,5,9,5.5244,3,ボックス
1,3,6,5.2983,3,ボックス
2,3,6,5.3984,3,ボックス
4,6,9,5.3753,3,ストレート
1,5,7,5.1562,3,ボックス
2,4,6,5.3494,3,ボックス
0,3,6,5.2962,3,ボックス
3,8,9,5.5993,3,ボックス
3,4,9,5.5335,3,ボックス
0,5,8,5.3263,3,ボックス
1,6,7,5.2122,3,ボックス
6,8,9,5.5804,3,ボックス
3,5,8,5.5104,3,ボックス
5,8,9,5.5489,3,ボックス
6,7,8,5.341,3,ボックス
1,5,7,5.1884,3,ボックス
1,2,8,5.4614,3,ボックス
0,2,9,5.4586,3,ストレート
5,6,9,5.4964,3,ボックス
2,6,8,5.5195,3,ボックス
2,7,9,5.5643,3,ボックス
1,5,6,5.2255,3,ボックス
1,7,8,5.3179,3,ストレート
0,1,8,5.278,3,ボックス
5,7,8,5.3844,3,ボックス
2,7,9,5.5328,3,ボックス
0,1,8,5.292,3,ストレート
2,8,9,5.6847,3,ボックス
1,4,5,5.2276,3,ボックス
0,3,9,5.5069,3,ボックス
0,1,7,5.2122,3,ボックス
4,5,7,5.2619,3,ボックス
0,1,4,5.2262,3,ストレート
0,6,8,5.4173,3,ボックス
0,1,4,5.1884,3,ストレート
0,1,6,5.2087,3,ボックス
5,6,9,5.4999,3,ストレート
0,5,7,5.2892,3,ボックス
3,4,5,5.4362,3,ボックス
1,2,5,5.4222,3,ボックス
2,6,7,5.3844,3,ボックス
1,5,7,5.2668,3,ボックス
1,2,8,5.4957,3,ストレート
2,4,7,5.4264,3,ボックス
3,4,8,5.5643,3,ストレート
5,6,9,5.5258,3,ボックス
4,6,8,5.4425,3,ボックス
2,4,8,5.5461,3,ボックス
5,6,8,5.4929,3,ボックス
1,3,9,5.5741,3,ストレート
1,3,7,5.4124,3,ボックス
1,2,8,5.537,3,ボックス
1,4,8,5.4355,3,ボックス
4,8,9,5.7246,3,ボックス
1,3,6,5.4145,3,ボックス
1,7,9,5.4887,3,ボックス
0,1,4,5.2759,3,ボックス
0,1,6,5.2948,3,ボックス
2,7,9,5.6294,3,ストレート
4,5,7,5.341,3,ストレート
4,7,8,5.4796,3,ストレート
1,2,4,5.4894,3,ボックス
4,6,9,5.5811,3,ボックス
1,5,6,5.3613,3,ボックス
1,6,7,5.3382,3,ボックス
6,7,9,5.6245,3,ストレート
0,6,7,5.3872,3,ボックス
2,4,7,5.4908,3,ボックス
1,2,6,5.5048,3,ボックス
1,5,7,5.3662,3,ボックス
2,6,7,5.523,3,ボックス
0,4,6,5.4173,3,ストレート
2,6,7,5.5328,3,ボックス
0,7,9,5.5944,3,ボックス
0,7,9,5.551,3,ボックス
3,5,7,5.5335,3,ストレート
0,2,3,5.5489,3,ボックス
2,7,8,5.6574,3,ボックス
4,7,8,5.5461,3,ボックス
0,5,9,5.6203,3,ボックス
1,3,6,5.4978,3,ボックス
1,3,6,5.5048,3,ボックス
2,4,8,5.6686,3,ボックス
0,1,4,5.3641,3,ボックス
1,4,7,5.4803,3,ボックス
3,7,9,5.7736,3,ボックス
3,4,5,5.5209,3,ボックス
0,1,9,5.572,3,ボックス
5,6,9,5.6644,3,ボックス
0,4,7,5.4544,3,ボックス
3,5,8,5.7064,3,ボックス
0,8,9,5.7785,3,ボックス
1,2,5,5.5552,3,ボックス
0,1,4,5.3963,3,ボックス
1,6,8,5.6434,3,ボックス
5,6,8,5.6154,3,ボックス
3,4,9,5.7568,3,ボックス
1,6,8,5.6063,3,ボックス
1,2,7,5.6455,3,ボックス
2,3,7,5.6938,3,ボックス
5,6,8,5.6364,3,ストレート
4,5,7,5.516,3,ボックス
1,2,4,5.6133,3,ボックス
1,2,7,5.6364,3,ボックス
2,3,5,5.7484,3,ボックス
3,6,9,5.8576,3,ボックス
1,6,9,5.7806,3,ストレート
0,1,4,5.4817,3,ボックス
0,1,8,5.6644,3,ボックス
0,3,7,5.5881,3,ボックス
2,8,9,6.0207,3,ボックス
1,5,8,5.7043,3,ストレート
2,4,7,5.6665,3,ストレート
1,2,8,5.8394,3,ボックス
0,1,6,5.5349,3,ストレート
4,6,7,5.6434,3,ボックス
3,4,7,5.6504,3,ボックス
2,4,5,5.7225,3,ボックス
2,3,5,5.7519,3,ボックス
0,1,8,5.6644,3,ボックス
1,4,8,5.7435,3,ストレート
1,4,7,5.5972,3,ボックス
3,5,9,5.8765,3,ボックス
1,7,8,5.7806,3,ボックス
1,2,6,5.7197,3,ボックス
2,4,7,5.7218,3,ボックス
4,7,8,5.7309,3,ボックス
2,3,4,5.782,3,ボックス
1,3,4,5.7204,3,ボックス
5,6,7,5.6735,3,ボックス
2,7,9,5.9836,3,ボックス
1,2,3,5.8604,3,ボックス
1,7,8,5.754,3,ボックス
0,2,8,5.8744,3,ボックス
1,5,7,5.6315,3,ストレート
2,3,4,5.8191,3,ストレート
1,7,8,5.768,3,ボックス
1,5,9,5.789,3,ボックス
0,1,5,5.6343,3,ストレート
3,4,9,5.8723,3,ボックス
0,1,4,5.6042,3,ボックス
0,5,6,5.6413,3,ボックス
0,5,9,5.8156,3,ボックス
1,3,6,5.7715,3,ストレート
2,3,7,5.8534,3,ボックス
1,6,8,5.7729,3,ボックス
0,3,5,5.7204,3,ボックス
1,2,3,5.8513,3,ボックス
2,5,6,5.8226,3,ボックス
2,4,7,5.7981,3,ストレート
2,5,6,5.782,3,ボックス
0,1,8,5.7407,3,ボックス
0,1,5,5.6315,3,ボックス
3,4,6,5.8065,3,ボックス
5,7,8,5.8415,3,ボックス
1,7,8,5.8121,3,ストレート
4,5,6,5.7386,3,ボックス
2,6,8,5.9458,3,ボックス
2,7,8,5.9507,3,ストレート
0,7,8,5.8415,3,ボックス
0,5,6,5.6595,3,ボックス
1,3,8,5.9374,3,ボックス
2,4,5,5.8191,3,ボックス
7,8,9,6.0627,3,ボックス
0,8,9,5.9668,3,ボックス
1,4,5,5.7505,3,ボックス
0,2,8,5.9318,3,ボックス
1,3,4,5.7799,3,ボックス
2,7,9,6.0361,3,ボックス
0,5,7,5.6966,3,ボックス
0,3,8,5.9346,3,ボックス
0,4,6,5.7666,3,ボックス
0,1,2,5.8394,3,ストレート
1,4,5,5.7288,3,ボックス
0,3,6,5.8366,3,ボックス
1,7,8,5.8765,3,ボックス
0,1,6,5.7407,3,ボックス
4,5,6,5.7519,3,ボックス
3,4,5,5.8555,3,ボックス
2,4,7,5.9017,3,ボックス
5,6,8,5.9374,3,ボックス
2,3,8,6.1236,3,ボックス
2,3,4,5.9528,3,ボックス
1,5,7,5.7729,3,ボックス
0,3,8,5.9318,3,ボックス
1,4,6,5.8394,3,ボックス
3,5,9,5.992,3,ボックス
0,5,9,5.9136,3,ボックス
2,6,8,6.0522,3,ボックス
4,5,8,5.9577,3,ボックス
1,3,6,5.8604,3,ボックス
1,2,4,5.9745,3,ボックス
1,4,6,5.81,3,ボックス
1,4,7,5.8765,3,ストレート
0,6,9,6.0025,3,ストレート
0,2,3,6.0256,3,ボックス
1,3,9,6.0865,3,ボックス
0,1,3,5.9066,3,ボックス
2,5,9,6.0872,3,ボックス
4,6,8,5.9528,3,ボックス
1,3,4,5.8905,3,ストレート
5,6,9,6.0445,3,ボックス
0,3,4,5.8856,3,ボックス
1,4,8,6.0305,3,ボックス
1,4,8,5.9829,3,ボックス
1,5,7,5.8534,3,ボックス
1,5,9,6.0515,3,ボックス
5,6,8,5.9878,3,ボックス
3,5,7,5.9276,3,ボックス
1,3,4,5.9577,3,ボックス
0,3,8,6.0403,3,ボックス
0,8,9,6.1397,3,ボックス
2,3,8,6.1838,3,ボックス
2,4,7,6.034,3,ボックス
1,6,9,6.0753,3,ストレート
0,1,9,6.0956,3,ボックス
3,6,9,6.1866,3,ボックス
0,1,4,5.9577,3,ボックス
0,7,8,6.0865,3,ボックス
2,5,9,6.1467,3,ボックス
1,2,5,6.0655,3,ストレート
3,7,9,6.1425,3,ボックス
1,6,9,6.1033,3,ボックス
1,7,9,6.1677,3,ストレート
3,8,9,6.3147,3,ボックス
2,3,6,6.1607,3,ボックス
3,4,9,6.2048,3,ボックス
1,2,4,6.0571,3,ストレート
1,4,7,5.978,3,ボックス
6,7,9,6.1887,3,ボックス
0,1,4,5.9346,3,ボックス
1,3,8,6.1887,3,ボックス
1,3,7,6.0522,3,ボックス
6,7,9,6.1537,3,ボックス
4,8,9,6.2888,3,ボックス
4,5,8,6.0501,3,ボックス
0,2,3,6.0872,3,ストレート
4,7,8,6.1705,3,ボックス
1,2,5,6.0571,3,ストレート
0,7,8,6.0823,3,ボックス
6,8,9,6.3126,3,ボックス
0,7,8,6.0914,3,ボックス
1,2,4,6.0984,3,ボックス
0,1,8,6.1467,3,ボックス
6,7,9,6.1768,3,ストレート
3,4,6,6.1075,3,ボックス
0,1,9,6.1327,3,ボックス
1,6,7,6.0571,3,ボックス
1,3,8,6.1887,3,ボックス
0,4,7,6.0585,3,ストレート
5,6,9,6.1285,3,ストレート
1,3,6,6.0935,3,ボックス
2,5,7,6.1607,3,ボックス
0,3,8,6.1446,3,ボックス
3,4,5,6.0291,3,ボックス
1,6,9,6.2048,3,ボックス
5,7,8,6.1327,3,ボックス
0,4,6,6.0585,3,ボックス
2,4,5,6.1425,3,ボックス
0,2,9,6.3028,3,ボックス
3,5,6,6.0592,3,ボックス
3,4,9,6.2391,3,ボックス
1,5,7,6.0501,3,ボックス
1,4,8,6.1726,3,ボックス
4,5,8,6.1236,3,ボックス
4,7,9,6.2321,3,ボックス
5,6,8,6.1516,3,ボックス
1,3,8,6.2419,3,ボックス
1,7,8,6.23,3,ボックス
1,3,6,6.1495,3,ボックス
1,3,8,6.258,3,ボックス
0,5,6,6.0606,3,ボックス
2,3,9,6.4099,3,ボックス
1,8,9,6.3707,3,ボックス
0,8,9,6.3084,3,ストレート
1,5,9,6.2188,3,ボックス
2,3,6,6.244,3,ストレート
1,5,6,6.1516,3,ストレート
0,8,9,6.3224,3,ボックス
1,6,9,6.2972,3,ボックス
3,5,9,6.3098,3,ボックス
2,5,9,6.3154,3,ストレート
2,3,8,6.3686,3,ボックス
2,4,8,6.3777,3,ストレート
1,2,7,6.3147,3,ボックス
3,6,7,6.1999,3,ボックス
3,4,6,6.1747,3,ボックス
2,4,8,6.3364,3,ボックス
3,5,9,6.2881,3,ボックス
2,8,9,6.5639,3,ボックス
0,1,3,6.2146,3,ボックス
0,5,8,6.2258,3,ボックス
1,2,9,6.4729,3,ストレート
0,6,7,6.1887,3,ボックス
4,6,9,6.3686,3,ストレート
4,5,8,6.223,3,ボックス
3,4,8,6.3847,3,ボックス
0,2,3,6.2622,3,ボックス
2,7,8,6.4589,3,ボックス
0,6,7,6.1628,3,ボックス
1,3,4,6.2986,3,ボックス
4,6,8,6.3798,3,ボックス
3,5,8,6.3756,3,ボックス
3,4,9,6.3917,3,ボックス
0,2,8,6.4127,3,ボックス
3,4,9,6.3987,3,ボックス
1,4,5,6.2216,3,ストレート
1,2,7,6.3154,3,ボックス
0,1,7,6.2307,3,ボックス
1,5,9,6.3245,3,ボックス
3,4,9,6.4148,3,ボックス
2,5,9,6.4148,3,ボックス
1,2,3,6.3826,3,ボックス
5,6,9,6.3434,3,ボックス
2,5,7,6.2902,3,ボックス
0,7,9,6.3938,3,ボックス
0,3,8,6.3413,3,ボックス
5,7,8,6.3343,3,ストレート
0,3,9,6.4498,3,ボックス
2,6,8,6.5149,3,ボックス
4,6,8,6.3707,3,ボックス
0,7,9,6.3707,3,ボックス
1,4,8,6.3938,3,ボックス
6,7,9,6.5009,3,ボックス
0,2,7,6.3798,3,ボックス
3,7,9,6.5527,3,ボックス
2,3,4,6.4659,3,ボックス
0,2,5,6.3196,3,ボックス
5,7,8,6.3735,3,ボックス
0,4,6,6.2958,3,ボックス
3,5,8,6.4008,3,ボックス
6,7,9,6.482,3,ボックス
1,4,9,6.5107,3,ボックス
4,6,7,6.3987,3,ボックス
3,4,7,6.3707,3,ボックス
1,8,9,6.5856,3,ボックス
4,5,8,6.3938,3,ボックス
0,2,3,6.4197,3,ボックス
0,5,8,6.3574,3,ボックス
1,2,7,6.4701,3,ボックス
0,3,5,6.3063,3,ストレート
2,3,6,6.5002,3,ストレート
2,5,8,6.5779,3,ストレート
0,2,9,6.6129,3,ストレート
2,4,5,6.4638,3,ボックス
2,5,6,6.5037,3,ボックス
2,8,9,6.797,3,ボックス
2,3,9,6.6829,3,ボックス
0,3,5,6.3364,3,ボックス
2,5,9,6.6157,3,ボックス
6,7,8,6.5779,3,ボックス
0,1,7,6.3665,3,ボックス
0,5,6,6.3756,3,ボックス
3,7,8,6.5674,3,ボックス
0,3,6,6.3987,3,ボックス
1,7,9,6.6479,3,ストレート
3,8,9,6.7669,3,ストレート
3,6,9,6.6808,3,ボックス
5,6,8,6.5478,3,ボックス
1,5,8,6.5527,3,ボックス
0,4,6,6.3476,3,ボックス
2,5,7,6.5282,3,ボックス
1,5,7,6.4918,3,ストレート
1,4,7,6.5107,3,ボックス
0,5,7,6.4309,3,ボックス
6,8,9,6.769,3,ボックス
0,6,8,6.5569,3,ボックス
5,6,9,6.6458,3,ボックス
6,8,9,6.7291,3,ボックス
2,6,8,6.685,3,ボックス
2,5,8,6.6479,3,ストレート
3,6,8,6.692,3,ボックス
3,4,6,6.5093,3,ボックス
2,6,9,6.8138,3,ボックス
3,4,5,6.5247,3,ボックス
1,6,8,6.6738,3,ボックス
1,5,8,6.5625,3,ボックス
2,5,6,6.5856,3,ボックス
2,8,9,6.8677,3,ボックス
1,2,4,6.65,3,ボックス
4,5,9,6.664,3,ボックス
3,6,8,6.671,3,ストレート
0,2,8,6.7158,3,ボックス
1,3,7,6.6108,3,ボックス
0,1,8,6.5534,3,ボックス
0,2,8,6.6668,3,ボックス
1,6,9,6.6829,3,ボックス
4,8,9,6.8278,3,ボックス
2,5,7,6.5947,3,ボックス
1,2,6,6.7179,3,ボックス
0,3,9,6.6416,3,ボックス
2,4,8,6.804,3,ボックス
2,4,7,6.6969,3,ボックス
0,3,8,6.6185,3,ボックス
0,1,7,6.4771,3,ストレート
6,7,8,6.6759,3,ボックス
1,4,7,6.5422,3,ボックス
1,6,9,6.7221,3,ストレート
5,8,9,6.8439,3,ストレート
1,2,8,6.7935,3,ボックス
5,6,7,6.5373,3,ストレート
1,5,9,6.7459,3,ボックス
5,8,9,6.8005,3,ボックス
2,3,8,6.8397,3,ボックス
2,3,9,6.8817,3,ストレート
1,6,8,6.7151,3,ストレート
0,2,7,6.6878,3,ストレート
4,5,9,6.6829,3,ボックス
0,1,9,6.6871,3,ボックス
0,8,9,6.8719,3,ストレート
4,7,9,6.7431,3,ボックス
0,1,4,6.5121,3,ボックス
0,2,3,6.7368,3,ストレート
4,5,8,6.7319,3,ストレート
2,4,7,6.7011,3,ボックス
4,5,8,6.6808,3,ストレート
2,4,8,6.8327,3,ボックス
2,7,8,6.916,3,ボックス
6,7,8,6.7431,3,ボックス
0,1,5,6.5737,3,ボックス
0,8,9,6.8397,3,ボックス
1,3,7,6.6479,3,ボックス
3,5,9,6.8439,3,ボックス
2,3,5,6.7998,3,ボックス
4,5,8,6.7109,3,ボックス
3,6,9,6.888,3,ボックス
1,2,6,6.7543,3,ボックス
3,7,9,6.8327,3,ボックス
2,7,8,6.8887,3,ボックス
3,5,9,6.8194,3,ボックス
0,1,4,6.5485,3,ストレート
3,6,7,6.7389,3,ボックス
0,3,4,6.5947,3,ボックス
0,4,5,6.5968,3,ボックス
0,6,7,6.5905,3,ボックス
1,3,9,6.9279,3,ボックス
1,3,9,6.8719,3,ボックス
0,2,9,6.9531,3,ボックス
0,3,5,6.6157,3,ボックス
1,3,7,6.72,3,ボックス
0,4,5,6.5625,3,ボックス
2,6,9,7.0301,3,ボックス
4,6,9,6.8971,3,ボックス
5,6,8,6.8488,3,ボックス
3,6,7,6.7312,3,ボックス
2,5,7,6.7865,3,ストレート
2,5,7,6.7984,3,ストレート
1,6,9,6.8838,3,ボックス
3,6,7,6.7522,3,ボックス
1,6,9,6.8999,3,ボックス
0,2,7,6.7662,3,ボックス
1,2,4,6.8929,3,ボックス
1,6,8,6.8607,3,ボックス
4,6,9,6.8838,3,ボックス
1,6,9,6.9209,3,ボックス
2,6,9,7.0364,3,ボックス
1,5,8,6.9041,3,ボックス
3,6,9,6.965,3,ボックス
0,7,8,6.839,3,ボックス
1,5,9,6.9048,3,ボックス
1,5,8,6.8558,3,ボックス
3,6,8,6.9839,3,ストレート
0,6,8,6.8054,3,ボックス
3,4,5,6.8068,3,ボックス
2,3,9,7.0938,3,ボックス
0,2,7,6.8026,3,ボックス
2,4,5,6.9069,3,ボックス
5,8,9,7.1071,3,ボックス
2,4,6,6.958,3,ボックス
2,4,7,6.8838,3,ボックス
0,3,5,6.7151,3,ボックス
2,7,9,7.0826,3,ストレート
2,6,9,7.1078,3,ボックス
1,3,9,7.0084,3,ストレート
0,3,7,6.811,3,ボックス
6,7,9,7.0511,3,ボックス
3,4,5,6.7823,3,ストレート
1,3,7,6.8537,3,ボックス
7,8,9,7.1652,3,ボックス
0,2,9,7.0364,3,ボックス
2,5,8,7.105,3,ボックス
1,7,9,6.9993,3,ボックス
3,5,8,7.0259,3,ボックス
0,4,7,6.7172,3,ボックス
3,4,9,7.0819,3,ボックス
0,1,8,6.9349,3,ボックス
3,4,5,6.8285,3,ボックス
0,6,9,7.0091,3,ストレート
0,1,8,6.8817,3,ボックス
1,8,9,7.21,3,ボックス
0,1,6,6.8488,3,ストレート
1,5,7,6.8999,3,ストレート
3,4,8,7.049,3,ボックス
1,6,7,6.937,3,ボックス
4,7,9,7.0042,3,ボックス
3,4,9,7.0525,3,ストレート
3,4,5,6.8628,3,ボックス
2,6,9,7.1771,3,ボックス
7,8,9,7.1792,3,ボックス
1,6,9,7.0735,3,ボックス
2,3,9,7.2373,3,ボックス
1,3,9,7.1169,3,ボックス
2,6,9,7.2121,3,ストレート
4,7,9,7.0637,3,ストレート
1,8,9,7.2051,3,ボックス
2,3,7,7.1442,3,ボックス
1,6,7,6.9209,3,ボックス
2,6,8,7.2282,3,ボックス
5,6,7,6.9741,3,ボックス
1,4,8,7.0749,3,ボックス
4,6,9,7.0966,3,ボックス
0,4,7,6.8096,3,ストレート
0,2,5,6.944,3,ボックス
2,3,6,7.1078,3,ボックス
3,4,7,7.0161,3,ボックス
4,5,7,6.9069,3,ボックス
3,4,5,6.944,3,ストレート
0,2,8,7.168,3,ボックス
0,6,8,6.9853,3,ボックス
6,7,9,7.1428,3,ボックス
1,2,5,7.133,3,ボックス
1,2,5,7.0756,3,ボックス
2,4,7,7.0777,3,ボックス
3,4,7,6.9853,3,ボックス
3,5,6,7.0581,3,ボックス
4,6,7,7.028,3,ボックス
0,5,9,7.0525,3,ボックス
1,3,8,7.1771,3,ストレート
1,3,8,7.1197,3,ボックス
1,2,6,7.182,3,ボックス
0,4,7,6.8838,3,ボックス
2,8,9,7.4641,3,ボックス
0,6,8,7.0154,3,ボックス
3,4,6,7.0889,3,ボックス
3,6,7,7.1162,3,ボックス
0,3,6,7.035,3,ボックス
0,1,6,6.923,3,ボックス
4,5,9,7.1491,3,ボックス
5,6,7,7.0084,3,ボックス
0,5,9,7.1148,3,ボックス
5,6,7,7.0273,3,ボックス
0,2,9,7.329,3,ボックス
0,7,8,7.1232,3,ボックス
5,6,8,7.217,3,ボックス
6,8,9,7.3409,3,ボックス
1,6,7,7.0504,3,ボックス
1,4,5,7.077,3,ボックス
4,5,7,7.0294,3,ボックス
0,5,7,7.0469,3,ボックス
0,1,3,7.0791,3,ボックス
0,4,7,6.9713,3,ボックス
4,6,7,7.0616,3,ボックス
2,3,6,7.2555,3,ボックス
3,5,9,7.3661,3,ストレート
0,1,9,7.175,3,ボックス
2,3,5,7.2485,3,ボックス
0,2,8,7.2282,3,ボックス
1,6,8,7.2471,3,ストレート
1,7,9,7.3192,3,ボックス
0,5,8,7.1771,3,ボックス
0,1,9,7.1981,3,ボックス
0,1,2,7.1491,3,ボックス
3,7,9,7.3892,3,ボックス
1,4,7,7.126,3,ボックス
3,4,6,7.1379,3,ボックス
2,3,4,7.3171,3,ボックス
4,5,8,7.2492,3,ボックス
4,6,7,7.1099,3,ボックス
3,4,7,7.133,3,ボックス
0,1,2,7.1659,3,ボックス
2,5,8,7.4081,3,ボックス
2,7,8,7.4081,3,ボックス
0,1,4,7.0273,3,ボックス
0,4,8,7.2051,3,ボックス
4,5,9,7.3066,3,ボックス
2,7,8,7.3528,3,ボックス
3,7,9,7.3689,3,ボックス
1,2,9,7.4473,3,ボックス
1,3,9,7.4382,3,ボックス
3,4,5,7.238,3,ボックス
1,5,7,7.2072,3,ボックス
4,5,9,7.3388,3,ボックス
0,6,7,7.168,3,ボックス
3,8,9,7.5572,3,ボックス
1,8,9,7.5131,3,ボックス
1,5,8,7.3192,3,ボックス
3,6,7,7.2373,3,ボックス
1,3,9,7.4081,3,ボックス
2,3,9,7.6153,3,ボックス
0,5,8,7.2072,3,ボックス
1,2,4,7.3612,3,ボックス
1,3,8,7.3206,3,ボックス
3,6,8,7.4221,3,ボックス
2,6,7,7.3528,3,ストレート
0,3,7,7.2401,3,ボックス
1,8,9,7.4893,3,ボックス
2,5,7,7.4032,3,ボックス
4,6,9,7.4781,3,ストレート
4,6,7,7.2184,3,ボックス
4,5,8,7.2856,3,ボックス
0,1,4,7.1197,3,ボックス
2,4,5,7.3388,3,ボックス
0,5,7,7.1519,3,ボックス
2,6,8,7.4795,3,ボックス
0,2,3,7.4032,3,ボックス
1,3,6,7.3591,3,ボックス
1,2,5,7.4221,3,ボックス
0,3,7,7.2121,3,ボックス
0,1,8,7.3192,3,ボックス
6,7,9,7.5432,3,ストレート
7,8,9,7.6062,3,ボックス
1,4,8,7.3843,3,ボックス
4,5,8,7.3248,3,ボックス
2,5,6,7.4172,3,ストレート
0,4,7,7.2492,3,ストレート
0,2,8,7.427,3,ボックス
5,8,9,7.6132,3,ストレート
0,6,8,7.3962,3,ボックス
0,2,8,7.4403,3,ボックス
0,7,8,7.3136,3,ボックス
5,8,9,7.5628,3,ボックス
3,6,9,7.5467,3,ストレート
0,6,7,7.2555,3,ボックス
5,6,8,7.4802,3,ボックス
0,4,7,7.2282,3,ボックス
5,6,9,7.5145,3,ストレート
0,5,7,7.2394,3,ボックス
1,2,8,7.5782,3,ボックス
0,1,9,7.413,3,ボックス
7,8,9,7.623,3,ボックス
1,2,4,7.4102,3,ストレート
0,1,3,7.329,3,ボックス
1,2,3,7.5362,3,ボックス
5,7,8,7.4291,3,ボックス
3,5,8,7.4522,3,ボックス
3,4,7,7.4291,3,ストレート
0,1,8,7.3549,3,ボックス
1,6,8,7.5201,3,ボックス
2,6,7,7.5215,3,ストレート
0,4,8,7.4452,3,ストレート
0,3,6,7.4242,3,ボックス
1,3,8,7.4725,3,ボックス
1,4,7,7.3941,3,ボックス
1,3,7,7.4592,3,ボックス
0,2,9,7.6139,3,ストレート
0,4,9,7.5383,3,ボックス
1,5,9,7.5824,3,ボックス
2,5,6,7.5096,3,ボックス
3,5,8,7.4956,3,ボックス
1,8,9,7.6531,3,ボックス
2,4,7,7.5642,3,ボックス
0,2,9,7.637,3,ストレート
1,4,9,7.6013,3,ボックス
6,7,8,7.6062,3,ボックス
1,4,6,7.3829,3,ボックス
4,5,8,7.4725,3,ストレート
5,6,9,7.5929,3,ボックス
1,3,8,7.5236,3,ボックス
1,6,8,7.5306,3,ボックス
0,1,9,7.5124,3,ボックス
4,6,7,7.4291,3,ボックス
3,8,9,7.7385,3,ボックス
0,3,9,7.6342,3,ボックス
1,2,5,7.5075,3,ボックス
4,7,8,7.5257,3,ストレート
0,1,7,7.4221,3,ストレート
0,7,9,7.6314,3,ストレート
1,7,8,7.5467,3,ボックス
0,6,7,7.413,3,ボックス
6,7,8,7.5999,3,ボックス
1,7,8,7.5649,3,ボックス
0,8,9,7.6853,3,ボックス
3,5,9,7.7084,3,ストレート
2,3,7,7.6209,3,ボックス
1,2,9,7.8183,3,ボックス
0,5,9,7.6314,3,ストレート
2,6,9,7.8694,3,ボックス
3,5,6,7.4984,3,ボックス
1,2,6,7.6713,3,ストレート
2,6,7,7.644,3,ストレート
0,4,9,7.5677,3,ボックス
4,7,8,7.5768,3,ボックス
0,1,2,7.5257,3,ストレート
6,7,9,7.7175,3,ボックス
0,1,7,7.4312,3,ストレート
0,4,9,7.588,3,ボックス
0,6,9,7.7294,3,ボックス
1,3,6,7.6174,3,ストレート
0,1,6,7.5383,3,ボックス
1,2,4,7.588,3,ボックス
1,5,8,7.6482,3,ストレート
1,2,4,7.6069,3,ストレート
4,5,9,7.7154,3,ボックス
2,6,7,7.6993,3,ボックス
0,6,8,7.6832,3,ボックス
5,8,9,7.7987,3,ボックス
2,5,9,7.8974,3,ボックス
0,7,9,7.6832,3,ボックス
2,4,8,7.8155,3,ボックス
1,6,9,7.8183,3,ボックス
0,8,9,7.7868,3,ボックス
7,8,9,7.9345,3,ストレート
0,1,5,7.5243,3,ボックス
2,7,8,7.8127,3,ストレート
1,4,5,7.5502,3,ボックス
3,7,8,7.7742,3,ストレート
4,5,6,7.6083,3,ボックス
0,5,9,7.6783,3,ボックス
1,3,8,7.6811,3,ストレート
0,4,6,7.5894,3,ボックス
0,4,9,7.6832,3,ボックス
0,1,7,7.5236,3,ボックス
5,6,8,7.6993,3,ボックス
1,2,4,7.6671,3,ボックス
3,4,9,7.7616,3,ボックス
0,1,3,7.6034,3,ボックス
0,7,9,7.7406,3,ボックス
2,6,8,7.861,3,ボックス
1,5,6,7.6594,3,ストレート
6,7,8,7.7637,3,ボックス
4,5,7,7.5677,3,ボックス
0,2,3,7.7714,3,ボックス
3,5,8,7.7924,3,ボックス
0,3,8,7.7672,3,ストレート
2,7,9,8.0213,3,ボックス
1,8,9,7.9765,3,ボックス
1,7,9,7.8785,3,ボックス
1,7,9,7.8148,3,ボックス
0,8,9,7.8883,3,ボックス
1,4,9,7.8414,3,ボックス
4,5,9,7.7686,3,ボックス
0,1,5,7.5467,3,ボックス
2,6,8,7.9184,3,ボックス
1,3,7,7.7203,3,ストレート
1,4,7,7.6804,3,ボックス
3,5,7,7.7252,3,ストレート
1,8,9,7.9576,3,ボックス
0,1,4,7.6272,3,ボックス
3,5,8,7.7707,3,ボックス
1,5,8,7.7567,3,ボックス
1,4,8,7.8204,3,ストレート
0,2,9,8.0024,3,ボックス
3,7,8,7.8239,3,ボックス
1,2,6,7.8883,3,ボックス
0,6,8,7.7798,3,ボックス
0,4,7,7.6804,3,ストレート
2,5,8,7.9884,3,ボックス
1,5,6,7.6902,3,ボックス
0,5,9,7.8099,3,ストレート
2,6,7,7.8631,3,ボックス
4,6,8,7.8197,3,ボックス
1,6,9,7.9072,3,ボックス
5,6,8,7.8491,3,ストレート
1,2,6,7.8519,3,ボックス
0,3,6,7.6944,3,ボックス
0,2,3,7.8029,3,ボックス
0,3,4,7.6552,3,ボックス
6,8,9,8.1466,3,ストレート
0,1,8,7.8785,3,ボックス
1,4,5,7.6762,3,ボックス
3,5,7,7.7476,3,ボックス
2,5,6,7.8841,3,ボックス
0,1,3,7.7063,3,ボックス
4,5,8,7.8974,3,ストレート
3,5,7,7.7637,3,ストレート
2,6,9,8.1676,3,ボックス
1,5,8,7.882,3,ボックス
1,2,4,7.8428,3,ストレート
4,7,8,7.882,3,ボックス
1,3,7,7.7896,3,ボックス
0,4,9,7.875,3,ストレート
0,5,9,7.9023,3,ストレート
1,5,7,7.7798,3,ボックス
2,8,9,8.2985,3,ボックス
2,4,7,7.8862,3,ボックス
2,8,9,8.2327,3,ボックス
4,8,9,8.0871,3,ボックス
1,5,8,7.9233,3,ボックス
2,7,8,8.0689,3,ボックス
1,2,6,7.9555,3,ボックス
2,4,7,7.9142,3,ボックス
0,3,6,7.7868,3,ボックス
2,3,6,8.0395,3,ストレート
0,2,3,7.9023,3,ボックス
1,4,7,7.7987,3,ボックス
1,3,4,7.8764,3,ボックス
3,7,8,7.9765,3,ボックス
6,7,9,8.1214,3,ボックス
0,4,8,7.9625,3,ボックス
0,4,8,7.8981,3,ボックス
2,4,6,8.0423,3,ボックス
1,5,6,7.8449,3,ボックス
0,5,8,7.9863,3,ボックス
1,7,8,8.0654,3,ボックス
0,1,9,8.0535,3,ストレート
0,5,6,7.8309,3,ボックス
4,5,9,8.0605,3,ボックス
1,3,7,7.8652,3,ボックス
2,7,8,8.1333,3,ボックス
0,3,7,7.9093,3,ボックス
3,6,9,8.1634,3,ストレート
1,5,9,8.0906,3,ボックス
0,5,9,7.9877,3,ボックス
3,4,9,8.1095,3,ボックス
1,2,7,8.0815,3,ボックス
7,8,9,8.2817,3,ボックス
3,7,9,8.1564,3,ボックス
1,3,9,8.1396,3,ボックス
1,6,7,8.0213,3,ストレート
0,4,5,7.7987,3,ボックス
2,4,9,8.2474,3,ストレート
3,4,7,7.9723,3,ボックス
0,3,6,7.9051,3,ストレート
1,6,9,8.2124,3,ボックス
2,3,7,8.1235,3,ボックス
2,6,9,8.2677,3,ボックス
2,4,6,8.064,3,ボックス
3,6,8,8.1655,3,ボックス
0,6,9,8.1865,3,ボックス
2,3,9,8.3125,3,ストレート
2,3,8,8.2614,3,ストレート
1,7,8,8.0899,3,ボックス
0,6,8,8.1515,3,ストレート
2,3,5,8.0367,3,ボックス
4,7,9,8.2166,3,ボックス
1,4,8,8.1326,3,ボックス
0,1,5,7.8561,3,ストレート
1,5,8,8.0458,3,ストレート
2,5,8,8.2635,3,ストレート
0,6,8,8.1011,3,ストレート
1,4,8,8.0871,3,ボックス
1,3,7,7.9947,3,ボックス
1,3,8,8.1914,3,ボックス
0,5,7,7.9863,3,ボックス
4,5,7,8.0255,3,ボックス
2,7,9,8.3916,3,ボックス
1,3,9,8.1683,3,ストレート
0,2,3,8.0738,3,ボックス
3,6,9,8.2215,3,ボックス
2,7,8,8.281,3,ボックス
1,5,7,7.9765,3,ボックス
3,7,8,8.1774,3,ボックス
2,3,7,8.1725,3,ボックス
3,4,7,8.0339,3,ボックス
1,5,8,8.106,3,ストレート
1,6,8,8.2614,3,ストレート
0,8,9,8.3685,3,ボックス
2,5,8,8.2488,3,ボックス
3,6,9,8.2537,3,ストレート
3,4,9,8.1984,3,ストレート
3,5,7,8.1095,3,ボックス
1,2,9,8.4175,3,ボックス
2,7,8,8.3461,3,ボックス
3,5,8,8.2404,3,ボックス
0,1,5,7.9324,3,ボックス
2,5,9,8.3895,3,ストレート
3,8,9,8.4847,3,ボックス
1,3,8,8.2215,3,ボックス
2,5,8,8.2978,3,ボックス
0,4,5,7.9345,3,ストレート
0,1,2,8.1221,3,ボックス
1,3,8,8.2376,3,ボックス
0,6,7,8.1256,3,ボックス
0,1,2,8.1333,3,ボックス
4,7,9,8.2677,3,ボックス
1,5,7,8.0598,3,ボックス
2,4,9,8.3804,3,ボックス
1,2,9,8.4014,3,ボックス
3,6,9,8.309,3,ボックス
0,6,7,8.078,3,ボックス
0,1,4,8.0934,3,ボックス
2,3,8,8.3923,3,ボックス
0,1,6,8.1375,3,ボックス
0,5,7,8.0227,3,ボックス
0,4,7,8.064,3,ボックス
1,3,4,8.1865,3,ボックス
1,4,6,8.1984,3,ボックス
1,3,8,8.2908,3,ボックス
1,5,6,8.1655,3,ボックス
3,6,9,8.337,3,ボックス
4,5,6,8.1676,3,ストレート
3,4,5,8.1746,3,ストレート
1,8,9,8.5407,3,ボックス
0,8,9,8.4035,3,ボックス
0,1,4,8.0871,3,ボックス
3,5,9,8.3636,3,ボックス
2,3,7,8.302,3,ボックス
1,3,4,8.1795,3,ボックス
4,7,9,8.3552,3,ボックス
1,3,7,8.2054,3,ストレート
3,7,8,8.344,3,ストレート
1,5,6,8.1263,3,ボックス
1,4,8,8.3279,3,ボックス
2,3,8,8.4595,3,ストレート
0,1,3,8.2194,3,ボックス
2,5,7,8.3307,3,ボックス
0,6,8,8.2719,3,ストレート
0,2,3,8.2628,3,ボックス
1,3,4,8.2187,3,ボックス
2,5,7,8.2649,3,ボックス
0,7,9,8.3965,3,ボックス
0,3,7,8.2544,3,ボックス
5,7,8,8.3825,3,ボックス
1,2,8,8.5498,3,ボックス
0,2,8,8.4875,3,ボックス
0,2,8,8.4175,3,ボックス
4,5,6,8.1543,3,ストレート
0,4,9,8.3937,3,ボックス
0,5,9,8.3405,3,ボックス
1,5,9,8.4105,3,ボックス
2,3,5,8.3041,3,ストレート
2,3,4,8.4455,3,ボックス
0,4,7,8.1935,3,ボックス
0,1,5,8.12,3,ボックス
2,4,5,8.3797,3,ボックス
1,4,9,8.4966,3,ボックス
2,5,7,8.3279,3,ストレート
4,7,9,8.4406,3,ボックス
0,1,7,8.2915,3,ストレート
2,3,8,8.54,3,ボックス
1,7,9,8.4497,3,ボックス
2,3,4,8.4105,3,ストレート
0,7,8,8.4385,3,ストレート
0,1,8,8.4287,3,ボックス
1,3,7,8.33,3,ボックス
0,1,7,8.2516,3,ボックス
2,4,9,8.5561,3,ボックス
3,8,9,8.6114,3,ボックス
2,6,8,8.6037,3,ボックス
3,7,9,8.5757,3,ボックス
0,1,5,8.1935,3,ボックス
1,7,9,8.5008,3,ボックス
4,5,7,8.3475,3,ボックス
1,2,9,8.5981,3,ボックス
3,5,7,8.3867,3,ボックス
1,3,7,8.3874,3,ストレート
0,6,7,8.2628,3,ボックス
7,8,9,8.7227,3,ストレート
0,3,9,8.5386,3,ストレート
3,8,9,8.6576,3,ストレート
1,3,6,8.4315,3,ボックス
2,3,6,8.5288,3,ストレート
5,8,9,8.5883,3,ボックス
1,7,8,8.5897,3,ボックス
0,1,2,8.4084,3,ボックス
5,6,8,8.4875,3,ボックス
0,7,8,8.4455,3,ボックス
1,4,5,8.3846,3,ボックス
2,5,7,8.4336,3,ボックス
2,4,9,8.6233,3,ストレート
6,8,9,8.6464,3,ボックス
0,3,5,8.3685,3,ボックス
0,7,9,8.5057,3,ボックス
0,3,6,8.3986,3,ボックス
3,6,9,8.6366,3,ボックス
0,1,4,8.3321,3,ボックス
3,4,8,8.6177,3,ストレート
0,2,5,8.4567,3,ボックス
2,5,9,8.6968,3,ボックス
0,5,6,8.2698,3,ボックス
2,4,5,8.4476,3,ボックス
4,6,9,8.533,3,ボックス
0,3,8,8.5806,3,ボックス
0,4,7,8.3531,3,ボックス
0,1,9,8.533,3,ボックス
0,1,4,8.3622,3,ストレート
3,6,8,8.6247,3,ボックス
3,4,9,8.6856,3,ボックス
1,2,7,8.6177,3,ボックス
3,8,9,8.757,3,ボックス
0,1,8,8.5169,3,ボックス
2,4,7,8.6128,3,ボックス
2,4,8,8.7479,3,ボックス
1,2,4,8.6317,3,ボックス
2,5,7,8.5099,3,ボックス
2,8,9,8.9299,3,ボックス
4,6,7,8.4987,3,ボックス
2,4,5,8.5148,3,ボックス
0,2,3,8.5988,3,ストレート
2,3,7,8.6856,3,ボックス
1,6,8,8.6387,3,ボックス
5,6,7,8.4707,3,ボックス
0,1,7,8.4224,3,ボックス
0,4,5,8.3622,3,ボックス
7,8,9,8.7731,3,ボックス
4,5,6,8.4735,3,ストレート
1,2,7,8.6093,3,ボックス
2,6,7,8.6478,3,ボックス
1,2,7,8.6212,3,ストレート
0,8,9,8.7087,3,ボックス
5,7,8,8.5911,3,ストレート
1,2,7,8.6303,3,ボックス
1,3,6,8.4826,3,ボックス
1,3,6,8.4889,3,ストレート
0,5,6,8.3552,3,ボックス
0,5,6,8.3622,3,ボックス
0,2,7,8.568,3,ボックス
1,2,9,8.7892,3,ボックス
1,4,5,8.4847,3,ボックス
1,3,4,8.6247,3,ボックス
1,3,8,8.7598,3,ストレート
3,6,9,8.6646,3,ストレート
2,3,7,8.6674,3,ボックス
2,7,9,8.8123,3,ボックス
1,6,8,8.6345,3,ボックス
0,5,9,8.5883,3,ボックス
2,4,6,8.6856,3,ボックス
2,3,4,8.7458,3,ボックス
1,5,9,8.7549,3,ボックス
0,7,9,8.6625,3,ボックス
1,2,7,8.6947,3,ボックス
6,7,8,8.7227,3,ボックス
1,2,7,8.7108,3,ボックス
2,7,8,8.8907,3,ボックス
0,1,6,8.5617,3,ボックス
3,4,8,8.6926,3,ボックス
2,4,6,8.6464,3,ボックス
1,6,9,8.8067,3,ストレート
1,6,9,8.7437,3,ボックス
4,7,8,8.7969,3,ボックス
1,8,9,8.9838,3,ボックス
2,7,9,8.8984,3,ボックス
0,4,5,8.4707,3,ストレート
0,6,8,8.6926,3,ボックス
2,3,6,8.7647,3,ボックス
0,1,7,8.5981,3,ボックス
1,4,8,8.8249,3,ボックス
3,4,6,8.6548,3,ボックス
0,8,9,8.8312,3,ボックス
0,1,8,8.7038,3,ボックス
0,4,7,8.5771,3,ボックス
2,4,9,8.9677,3,ボックス
0,1,7,8.6212,3,ボックス
2,5,9,8.9208,3,ボックス
1,2,3,8.8599,3,ストレート
0,1,6,8.5771,3,ボックス
3,6,7,8.7108,3,ボックス
3,4,9,8.8767,3,ボックス
2,5,7,8.7157,3,ボックス
0,1,7,8.6443,3,ストレート
0,2,9,8.9439,3,ボックス
1,5,9,8.7829,3,ボックス
0,8,9,8.8795,3,ボックス
5,8,9,8.9607,3,ストレート
4,5,9,8.7598,3,ボックス
0,6,8,8.6975,3,ボックス
2,7,9,8.9698,3,ボックス
1,4,5,8.6324,3,ボックス
3,6,7,8.6625,3,ストレート
3,4,9,8.8494,3,ボックス
3,4,6,8.6443,3,ボックス
0,5,6,8.5309,3,ボックス
3,6,8,8.8627,3,ボックス
1,2,8,8.9418,3,ボックス
4,6,7,8.7416,3,ボックス
0,3,4,8.7248,3,ストレート
0,6,8,8.7248,3,ボックス
4,5,8,8.7549,3,ボックス
1,6,7,8.7899,3,ボックス
3,8,9,9.0909,3,ボックス
4,6,8,8.8767,3,ストレート
2,3,7,8.8424,3,ボックス
6,7,9,8.9439,3,ボックス
0,7,9,8.8403,3,ボックス
2,8,9,9.191,3,ボックス
1,3,4,8.7549,3,ボックス
2,4,9,8.995,3,ボックス
0,6,9,8.8837,3,ボックス
0,4,8,8.8718,3,ボックス
5,6,8,8.8347,3,ストレート
2,3,7,8.8823,3,ボックス
5,7,8,8.8998,3,ボックス
0,2,9,8.9607,3,ボックス
1,5,7,8.8018,3,ボックス
3,5,9,8.8774,3,ボックス
0,3,7,8.8137,3,ボックス
3,5,8,8.9159,3,ボックス
5,6,8,8.7871,3,ボックス
3,8,9,9.0783,3,ストレート
4,6,7,8.75,3,ボックス
3,8,9,9.0853,3,ボックス
0,1,6,8.6926,3,ボックス
4,5,9,8.8753,3,ボックス
2,3,9,9.149,3,ストレート
1,2,6,8.9397,3,ボックス
0,7,9,8.9096,3,ボックス
4,5,9,8.8865,3,ボックス
1,7,9,8.995,3,ボックス
0,5,9,8.9187,3,ストレート
0,1,9,9.0118,3,ボックス
2,3,9,9.0944,3,ボックス
4,6,9,9.023,3,ボックス
0,4,9,9.0069,3,ボックス
4,6,7,8.785,3,ボックス
5,7,8,8.8774,3,ボックス
0,1,3,8.785,3,ボックス
3,7,9,9.1259,3,ボックス
2,5,8,9.0419,3,ボックス
1,3,7,8.8725,3,ボックス
2,4,5,8.9348,3,ボックス
0,1,7,8.7962,3,ボックス
2,5,8,8.9768,3,ボックス
0,5,9,8.8914,3,ストレート
5,6,8,8.8452,3,ボックス
5,8,9,9.0804,3,ボックス
1,3,4,8.8683,3,ボックス
3,6,7,8.8361,3,ボックス
3,5,6,8.8459,3,ボックス
0,5,8,8.9278,3,ストレート
5,6,8,8.8725,3,ボックス
1,2,6,8.9236,3,ボックス
0,2,8,9.0888,3,ボックス
3,8,9,9.1777,3,ボックス
1,6,8,9.0398,3,ボックス
2,4,9,9.1336,3,ストレート
0,5,9,8.9285,3,ボックス
2,8,9,9.268,3,ストレート
2,7,9,9.1637,3,ボックス
4,8,9,9.1756,3,ボックス
1,4,7,8.9838,3,ボックス
4,6,8,8.9579,3,ストレート
6,7,9,9.0391,3,ボックス
1,5,7,8.8613,3,ボックス
6,7,8,9.0678,3,ボックス
3,4,5,8.8403,3,ボックス
4,5,7,8.9327,3,ボックス
0,5,6,8.8179,3,ボックス
0,8,9,9.2211,3,ボックス
1,4,8,9.044,3,ストレート
1,7,8,9.1469,3,ストレート
2,7,8,9.219,3,ボックス
0,5,9,8.9677,3,ボックス
3,6,9,9.1469,3,ストレート
3,8,9,9.2351,3,ボックス
3,6,9,9.0762,3,ボックス
0,8,9,9.1658,3,ボックス
2,4,7,9.1189,3,ボックス
2,3,8,9.2491,3,ボックス
1,6,8,9.044,3,ボックス
1,4,9,9.2491,3,ボックス
1,6,8,9.0804,3,ボックス
0,5,9,9.0181,3,ボックス
3,5,6,8.8823,3,ボックス
2,4,6,9.093,3,ボックス
2,3,7,9.0853,3,ボックス
1,3,9,9.2939,3,ボックス
2,5,7,9.0909,3,ボックス
0,6,7,8.9005,3,ボックス
1,6,9,9.1595,3,ボックス
3,4,8,9.1294,3,ボックス
1,2,3,9.1175,3,ボックス
0,1,5,8.8984,3,ボックス
0,4,8,9.1448,3,ボックス
0,1,4,9.051,3,ボックス
2,3,5,9.1189,3,ストレート
3,8,9,9.3415,3,ボックス
3,5,8,9.0965,3,ボックス
1,5,6,9.016,3,ボックス
2,7,8,9.2288,3,ボックス
1,6,7,9.093,3,ストレート
3,5,7,9.072,3,ボックス
2,4,6,9.0503,3,ボックス
0,2,5,9.0678,3,ストレート
2,6,8,9.2008,3,ボックス
0,1,3,9.1168,3,ボックス
3,6,7,9.0251,3,ボックス
3,6,8,9.2351,3,ボックス
1,2,7,9.1637,3,ボックス
5,6,7,9.0258,3,ボックス
0,4,8,9.1014,3,ストレート
4,8,9,9.3436,3,ボックス
2,3,4,9.2421,3,ボックス
0,4,7,9.002,3,ボックス
0,8,9,9.3142,3,ボックス
1,2,9,9.457,3,ボックス
0,2,5,9.044,3,ボックス
3,5,6,8.9859,3,ボックス
0,6,9,9.2421,3,ボックス
0,1,2,9.226,3,ボックス
3,5,8,9.1616,3,ボックス
3,4,9,9.2743,3,ストレート
3,5,9,9.317,3,ボックス
4,5,8,9.212,3,ボックス
2,6,8,9.2743,3,ボックス
1,2,5,9.2379,3,ボックス
2,8,9,9.5942,3,ボックス
1,6,8,9.2029,3,ボックス
2,4,8,9.401,3,ボックス
4,5,7,9.03,3,ボックス
2,4,6,9.1595,3,ボックス
1,5,7,9.1658,3,ボックス
2,5,6,9.205,3,ボックス
2,6,8,9.3142,3,ボックス
2,3,6,9.2169,3,ボックス
1,3,8,9.387,3,ボックス
0,6,7,9.037,3,ボックス
2,4,5,9.2519,3,ストレート
0,8,9,9.3807,3,ボックス
2,8,9,9.5585,3,ボックス
4,5,8,9.1917,3,ボックス
1,5,9,9.38,3,ストレート
5,8,9,9.4822,3,ストレート
1,2,5,9.2379,3,ボックス
5,6,8,9.2771,3,ボックス
0,5,7,9.135,3,ボックス
6,8,9,9.527,3,ボックス
5,6,7,9.0832,3,ボックス
3,4,8,9.3044,3,ストレート
1,4,6,9.2281,3,ボックス
0,1,8,9.2813,3,ボックス
0,1,9,9.4241,3,ボックス
5,6,8,9.233,3,ボックス
0,6,9,9.2953,3,ボックス
0,5,9,9.359,3,ボックス
3,5,6,9.1336,3,ストレート
1,3,6,9.3051,3,ボックス
3,5,7,9.1777,3,ボックス
5,6,7,9.1294,3,ボックス
3,4,9,9.4129,3,ボックス
2,3,6,9.3275,3,ボックス
0,3,9,9.4801,3,ボックス
3,4,8,9.3625,3,ボックス
4,5,6,9.2099,3,ボックス
1,4,6,9.2099,3,ボックス
3,5,7,9.2148,3,ボックス
0,1,8,9.3436,3,ボックス
4,5,9,9.3716,3,ボックス
0,6,9,9.3604,3,ボックス
5,8,9,9.5242,3,ストレート
1,4,5,9.3009,3,ボックス
2,5,8,9.4458,3,ストレート
1,6,9,9.534,3,ボックス
0,6,8,9.408,3,ボックス
1,3,9,9.5991,3,ボックス
0,4,7,9.2841,3,ボックス
1,5,6,9.2309,3,ボックス
1,4,7,9.3779,3,ボックス
0,7,9,9.5011,3,ボックス
3,5,8,9.485,3,ボックス
0,5,9,9.3807,3,ボックス
1,2,7,9.4962,3,ボックス
0,2,3,9.3646,3,ストレート
5,8,9,9.5816,3,ボックス
5,8,9,9.5914,3,ボックス
0,1,3,9.3891,3,ストレート
4,6,8,9.492,3,ストレート
2,7,8,9.5452,3,ボックス
1,4,6,9.2953,3,ボックス
0,4,9,9.5382,3,ボックス
0,7,9,9.464,3,ボックス
2,5,7,9.4472,3,ボックス
2,4,6,9.4661,3,ボックス
0,2,8,9.6152,3,ボックス
5,6,7,9.2421,3,ストレート
0,8,9,9.6306,3,ボックス
5,8,9,9.6257,3,ボックス
0,5,7,9.247,3,ボックス
7,8,9,9.6768,3,ボックス
0,5,8,9.492,3,ボックス
1,2,4,9.541,3,ボックス
0,2,9,9.6943,3,ボックス
1,6,9,9.5354,3,ストレート
3,6,7,9.4269,3,ボックス
0,8,9,9.6698,3,ボックス
4,8,9,9.7902,3,ストレート
2,3,4,9.5641,3,ボックス
6,8,9,9.6838,3,ボックス
4,6,8,9.485,3,ストレート
4,5,9,9.5123,3,ボックス
0,2,8,9.5914,3,ボックス
0,3,6,9.4101,3,ボックス
0,2,3,9.464,3,ボックス
2,3,4,9.499,3,ボックス
2,4,6,9.4458,3,ボックス
2,4,9,9.688,3,ボックス
2,7,9,9.695,3,ボックス
4,5,9,9.5424,3,ボックス
0,2,3,9.4822,3,ボックス
4,6,8,9.5193,3,ストレート
1,3,7,9.5382,3,ボックス
2,4,5,9.4549,3,ボックス
2,4,5,9.4619,3,ボックス
1,2,3,9.653,3,ボックス
5,6,8,9.5592,3,ボックス
1,5,8,9.6292,3,ボックス
1,4,8,9.6901,3,ボックス
0,3,5,9.429,3,ボックス
0,4,5,9.4171,3,ボックス
4,5,8,9.625,3,ストレート
3,6,9,9.6992,3,ボックス
0,6,9,9.5564,3,ボックス
0,4,9,9.5956,3,ストレート
3,4,9,9.7552,3,ボックス
5,6,7,9.3506,3,ボックス
0,2,3,9.5291,3,ボックス
5,6,7,9.3576,3,ボックス
1,5,7,9.5102,3,ボックス
0,7,8,9.6502,3,ボックス
4,5,9,9.6026,3,ボックス
3,4,9,9.681,3,ボックス
0,3,5,9.4038,3,ボックス
1,5,8,9.6145,3,ボックス
3,5,9,9.7342,3,ストレート
1,6,9,9.674,3,ボックス
5,8,9,9.7853,3,ボックス
2,3,7,9.5956,3,ボックス
4,5,7,9.5291,3,ボックス
4,7,8,9.6446,3,ボックス
2,4,9,9.8035,3,ボックス
3,6,8,9.7153,3,ストレート
6,7,8,9.6117,3,ボックス
1,6,7,9.5872,3,ボックス
0,3,8,9.6418,3,ボックス
0,3,5,9.443,3,ボックス
1,7,8,9.7923,3,ボックス
4,5,9,9.6859,3,ボックス
0,3,5,9.457,3,ボックス
4,7,8,9.695,3,ボックス
2,4,7,9.7272,3,ボックス
0,3,6,9.4822,3,ボックス
0,1,8,9.7713,3,ボックス
2,3,9,9.9624,3,ボックス
1,4,8,9.7552,3,ボックス
2,5,7,9.6922,3,ボックス
1,5,7,9.5473,3,ボックス
4,5,6,9.4871,3,ボックス
0,4,5,9.4731,3,ボックス
2,3,4,9.6999,3,ストレート
4,6,9,9.7503,3,ボックス
1,2,8,9.9533,3,ボックス
1,4,8,9.7853,3,ボックス
0,3,5,9.4941,3,ボックス
0,3,7,9.5634,3,ボックス
1,2,7,9.737,3,ボックス
0,2,9,9.9204,3,ボックス
3,4,9,9.8357,3,ボックス
4,5,6,9.5354,3,ストレート
0,8,9,9.9883,3,ボックス
3,7,8,9.8812,3,ボックス
0,2,5,9.5977,3,ボックス
2,7,9,9.9169,3,ボックス
0,1,2,9.709,3,ボックス
0,4,5,9.5354,3,ボックス
2,4,6,9.8042,3,ボックス
6,8,9,10.0324,3,ボックス
3,7,9,9.9484,3,ボックス
1,4,6,9.7433,3,ストレート
1,2,3,9.8903,3,ボックス
2,5,7,9.6901,3,ストレート
1,7,8,9.8357,3,ボックス
0,2,7,9.8042,3,ボックス
1,3,9,9.9953,3,ボックス
4,5,7,9.6236,3,ストレート
4,5,6,9.5914,3,ボックス
0,3,4,9.7573,3,ボックス
3,6,8,9.8126,3,ボックス
3,6,7,9.6789,3,ボックス
3,6,8,9.8336,3,ボックス
0,1,8,9.8266,3,ボックス
0,2,3,9.8672,3,ボックス
0,3,6,9.6628,3,ボックス
2,6,9,10.0534,3,ボックス
1,3,8,9.9169,3,ボックス
1,3,8,9.9239,3,ボックス
0,1,7,9.702,3,ボックス
2,3,7,9.9323,3,ボックス
2,5,8,9.9953,3,ボックス
4,6,8,9.9484,3,ストレート
4,7,9,10.0114,3,ボックス
0,5,7,9.7132,3,ボックス
2,3,7,9.8728,3,ストレート
5,8,9,10.1094,3,ボックス
2,4,6,9.8266,3,ボックス
1,2,7,9.8777,3,ボックス
3,7,9,9.9813,3,ボックス
5,6,8,9.8973,3,ボックス
1,6,7,9.8532,3,ボックス
0,3,4,9.7664,3,ストレート
0,8,9,10.0667,3,ボックス
3,4,5,9.7573,3,ボックス
2,4,7,9.9834,3,ボックス
0,3,7,9.7783,3,ボックス
0,3,6,9.7531,3,ボックス
2,4,7,9.9029,3,ボックス
1,5,6,9.8021,3,ボックス
1,2,5,9.9414,3,ストレート
4,5,6,9.7202,3,ボックス
4,7,8,10.0492,3,ボックス
5,8,9,10.0667,3,ボックス
2,7,8,10.1465,3,ボックス
1,4,5,9.8672,3,ボックス
0,1,5,9.8182,3,ボックス
2,6,8,10.1262,3,ボックス
1,6,7,9.8084,3,ボックス
1,2,9,10.1248,3,ボックス
1,4,9,10.1402,3,ボックス
1,4,5,9.8084,3,ボックス
0,5,9,9.919,3,ボックス
0,7,9,10.0744,3,ボックス
0,2,5,9.9414,3,ボックス
0,4,7,9.8287,3,ストレート
2,3,5,10.0072,3,ボックス
0,6,8,10.0163,3,ボックス
0,3,8,9.9953,3,ボックス
6,7,8,10.0492,3,ボックス
2,3,6,9.9631,3,ボックス
2,6,8,10.0807,3,ボックス
0,5,8,10.0044,3,ストレート
2,4,7,9.9792,3,ボックス
0,6,7,9.8973,3,ストレート
3,6,7,9.8728,3,ストレート
1,2,4,10.1052,3,ボックス
6,7,8,9.9953,3,ボックス
1,2,6,10.0723,3,ボックス
5,6,9,10.0513,3,ボックス
1,3,4,10.0373,3,ボックス
0,1,3,10.0184,3,ボックス
0,4,5,9.8196,3,ボックス
0,5,9,9.9862,3,ボックス
0,1,7,9.912,3,ボックス
3,4,6,10.0114,3,ストレート
7,8,9,10.2193,3,ボックス
0,4,5,9.8385,3,ボックス
3,4,7,10.0513,3,ボックス
2,7,9,10.2823,3,ボックス
0,3,5,9.9533,3,ボックス
0,4,8,10.0555,3,ボックス
0,4,7,9.926,3,ボックス
4,7,9,10.1227,3,ボックス
2,3,7,10.0716,3,ストレート
1,7,9,10.2403,3,ボックス
1,6,7,9.9512,3,ストレート
1,6,8,10.1724,3,ボックス
1,3,6,10.0814,3,ボックス
5,6,7,9.8637,3,ボックス
0,4,8,10.0807,3,ボックス
2,8,9,10.3509,3,ボックス
1,2,7,10.1017,3,ボックス
4,6,9,10.2123,3,ボックス
0,1,4,9.9932,3,ボックス
3,6,9,10.143,3,ボックス
1,2,7,10.1199,3,ボックス
5,6,8,10.0982,3,ストレート
4,5,8,10.1465,3,ボックス
3,4,6,10.0114,3,ボックス
1,2,5,10.0436,3,ボックス
0,3,6,9.9743,3,ボックス
1,7,9,10.2102,3,ボックス
1,2,7,10.143,3,ボックス
6,7,8,10.1178,3,ボックス
2,5,6,10.0842,3,ボックス
2,3,6,10.1038,3,ボックス
3,6,9,10.1871,3,ボックス
1,2,8,10.3684,3,ボックス
2,3,5,10.0625,3,ボックス
0,5,8,10.0366,3,ボックス
3,8,9,10.4426,3,ボックス
0,6,9,10.2403,3,ボックス
1,2,7,10.1752,3,ボックス
2,6,8,10.2403,3,ボックス
0,3,4,10.1465,3,ボックス
3,6,7,10.0667,3,ストレート
0,7,8,10.2473,3,ボックス
1,2,7,10.1892,3,ボックス
6,7,8,10.1731,3,ボックス
1,2,3,10.2151,3,ボックス
1,5,9,10.2683,3,ボックス
6,7,9,10.2312,3,ストレート
0,3,7,10.1675,3,ボックス
1,3,7,10.2375,3,ストレート
1,5,6,9.9974,3,ボックス
1,2,9,10.4734,3,ボックス
3,4,9,10.3824,3,ボックス
0,4,5,9.9701,3,ボックス
3,7,8,10.2613,3,ボックス
1,4,7,10.1549,3,ボックス
0,6,7,10.1535,3,ボックス
4,6,9,10.2543,3,ボックス
0,5,8,10.0996,3,ボックス
4,6,9,10.2613,3,ボックス
4,5,7,10.1402,3,ボックス
6,7,9,10.2865,3,ボックス
5,8,9,10.4104,3,ボックス
5,7,8,10.171,3,ボックス
3,7,8,10.2935,3,ボックス
1,2,3,10.2746,3,ボックス
3,7,8,10.3047,3,ボックス
0,6,9,10.2424,3,ボックス
1,2,3,10.2886,3,ボックス
2,6,7,10.3194,3,ボックス
2,6,8,10.3257,3,ボックス
1,2,6,10.3425,3,ボックス
2,4,5,10.1549,3,ボックス
0,2,7,10.3264,3,ストレート
0,8,9,10.5014,3,ストレート
0,1,5,10.1535,3,ストレート
0,8,9,10.416,3,ボックス
3,8,9,10.4825,3,ボックス
0,4,8,10.2634,3,ボックス
1,3,6,10.2053,3,ボックス
1,4,7,10.2263,3,ストレート
1,5,7,10.2263,3,ストレート
0,6,9,10.3026,3,ボックス
6,8,9,10.4734,3,ストレート
5,7,8,10.2452,3,ボックス
7,8,9,10.6155,3,ストレート
2,6,9,10.5364,3,ボックス
1,4,6,10.3215,3,ボックス
0,4,6,10.157,3,ボックス
1,2,7,10.3537,3,ボックス
0,4,5,10.0786,3,ボックス
1,7,9,10.4461,3,ボックス
4,5,6,10.1955,3,ボックス
1,6,9,10.5126,3,ボックス
0,3,5,10.1885,3,ボックス
3,6,8,10.4405,3,ボックス
2,4,6,10.4034,3,ボックス
3,4,7,10.3565,3,ボックス
4,8,9,10.6267,3,ボックス
1,2,3,10.374,3,ボックス
3,4,7,10.2746,3,ボックス
0,1,8,10.4594,3,ボックス
0,6,7,10.2123,3,ストレート
3,4,9,10.4412,3,ボックス
0,1,9,10.5154,3,ボックス
2,4,5,10.2403,3,ボックス
3,4,6,10.3705,3,ボックス
4,8,9,10.5567,3,ボックス
6,7,9,10.4363,3,ボックス
0,5,8,10.2452,3,ボックス
0,4,9,10.5154,3,ボックス
4,5,9,10.4636,3,ストレート
6,7,8,10.4965,3,ボックス
5,8,9,10.4853,3,ボックス
2,6,8,10.4762,3,ボックス
0,1,7,10.3915,3,ストレート
2,3,4,10.4986,3,ボックス
0,2,5,10.3313,3,ボックス
0,5,9,10.4426,3,ボックス
0,3,7,10.3964,3,ボックス
3,5,7,10.3453,3,ボックス
1,4,7,10.3698,3,ボックス
0,5,7,10.2963,3,ボックス
3,7,8,10.4762,3,ボックス
0,7,8,10.5224,3,ボックス
0,3,7,10.3397,3,ストレート
0,8,9,10.6029,3,ボックス
1,2,7,10.4622,3,ボックス
2,4,8,10.6295,3,ボックス
0,1,5,10.2333,3,ボックス
0,4,5,10.2123,3,ボックス
4,7,8,10.4895,3,ボックス
1,6,7,10.4685,3,ボックス
3,5,7,10.2977,3,ボックス
6,7,9,10.5406,3,ボックス
0,2,8,10.5196,3,ボックス
1,7,8,10.6505,3,ボックス
1,3,7,10.5546,3,ボックス
4,7,9,10.5819,3,ボックス
1,7,8,10.5686,3,ボックス
3,4,6,10.36,3,ストレート
0,4,9,10.5287,3,ボックス
1,5,9,10.5945,3,ストレート
4,5,8,10.4944,3,ストレート
0,1,4,10.4069,3,ボックス
0,1,9,10.591,3,ボックス
1,3,8,10.6785,3,ボックス
6,7,9,10.5798,3,ストレート
1,7,8,10.6099,3,ボックス
3,4,6,10.395,3,ボックス
0,2,8,10.5777,3,ボックス
0,2,7,10.5826,3,ボックス
4,5,9,10.4853,3,ボックス
0,7,9,10.6995,3,ボックス
3,4,7,10.4713,3,ストレート
3,6,9,10.6897,3,ボックス
0,5,8,10.409,3,ボックス
0,1,5,10.3439,3,ボックス
0,1,5,10.3509,3,ストレート
0,4,9,10.598,3,ボックス
2,3,4,10.5315,3,ボックス
2,3,5,10.5175,3,ボックス
1,5,8,10.6015,3,ボックス
2,6,8,10.6078,3,ボックス
0,6,9,10.6736,3,ボックス
0,3,6,10.5154,3,ボックス
0,5,8,10.4482,3,ストレート
0,1,3,10.6106,3,ボックス
1,4,7,10.5476,3,ストレート
4,6,8,10.6435,3,ボックス
1,2,3,10.7177,3,ボックス
2,3,7,10.6995,3,ボックス
4,6,8,10.5546,3,ボックス
2,6,7,10.6477,3,ボックス
1,2,4,10.7156,3,ボックス
3,4,7,10.5406,3,ストレート
3,5,7,10.4321,3,ボックス
1,2,3,10.6631,3,ボックス
6,7,9,10.6673,3,ストレート
2,5,9,10.647,3,ボックス
0,7,8,10.6309,3,ボックス
1,7,8,10.7093,3,ボックス
2,5,9,10.6561,3,ボックス
0,5,8,10.4923,3,ボックス
2,3,6,10.6897,3,ストレート
1,2,9,10.9368,3,ボックス
0,1,2,10.6421,3,ボックス
0,1,7,10.5938,3,ボックス
1,2,9,10.864,3,ボックス
0,2,7,10.6491,3,ボックス
0,2,5,10.6015,3,ボックス
0,2,3,10.6561,3,ストレート
0,4,6,10.5665,3,ストレート
0,1,5,10.4664,3,ボックス
4,6,9,10.7695,3,ボックス
1,4,7,10.6211,3,ボックス
3,6,8,10.7387,3,ボックス
1,2,6,10.7737,3,ボックス
2,3,7,10.7184,3,ボックス
2,3,5,10.5728,3,ボックス
3,5,8,10.5749,3,ボックス
4,5,7,10.5546,3,ボックス
1,8,9,11.0026,3,ボックス
1,6,7,10.612,3,ボックス
0,6,9,10.6904,3,ボックス
4,7,9,10.8696,3,ボックス
1,3,7,10.7947,3,ボックス
1,2,6,10.7023,3,ボックス
2,7,8,10.829,3,ボックス
0,2,8,10.7786,3,ボックス
4,5,9,10.6281,3,ボックス
1,2,8,10.9676,3,ボックス
1,6,8,10.8136,3,ボックス
3,7,9,10.9326,3,ボックス
2,7,8,10.857,3,ストレート
2,6,7,10.7114,3,ボックス
0,7,8,10.7296,3,ストレート
2,4,5,10.6785,3,ボックス
2,3,5,10.6281,3,ボックス
1,2,6,10.7415,3,ボックス
0,2,7,10.7534,3,ボックス
0,8,9,10.9767,3,ボックス
2,3,7,10.8129,3,ボックス
1,5,9,10.8206,3,ボックス
2,4,8,10.9417,3,ボックス
3,4,8,10.8577,3,ボックス
6,7,9,10.7947,3,ボックス
3,4,6,10.7065,3,ボックス
1,3,4,10.7135,3,ボックス
3,6,8,10.7555,3,ストレート
3,7,8,10.9368,3,ボックス
1,6,9,10.9277,3,ボックス
2,3,7,10.8521,3,ボックス
5,6,9,10.7555,3,ボックス
1,4,5,10.5686,3,ボックス
2,3,4,10.9137,3,ボックス
3,4,7,10.7205,3,ボックス
4,5,6,10.4804,3,ボックス
1,2,9,11.0278,3,ボックス
1,3,9,11.0418,3,ストレート
1,3,8,10.9886,3,ストレート
3,6,9,10.85,3,ボックス
6,7,8,10.8836,3,ボックス
3,4,7,10.7464,3,ストレート
1,3,6,10.8458,3,ボックス
2,5,7,10.8185,3,ボックス
1,2,7,10.9193,3,ボックス
0,2,3,10.8339,3,ボックス
3,8,9,11.1328,3,ボックス
5,6,8,10.7506,3,ボックス
0,4,5,10.6365,3,ストレート
1,2,3,10.9543,3,ストレート
0,2,7,10.8521,3,ボックス
4,7,9,10.9102,3,ボックス
2,3,4,10.8941,3,ボックス
2,3,6,10.9718,3,ストレート
1,2,7,10.9564,3,ボックス
4,6,8,10.8906,3,ボックス
0,2,9,11.0096,3,ストレート
0,5,9,10.8458,3,ボックス
0,5,9,10.7625,3,ボックス
4,6,8,10.8087,3,ボックス
0,5,7,10.7156,3,ボックス
0,5,7,10.626,3,ボックス
2,3,5,10.8087,3,ボックス
1,5,6,10.7345,3,ボックス
0,6,7,10.8206,3,ボックス
0,1,6,10.8528,3,ストレート
1,6,9,10.9564,3,ボックス
4,8,9,11.1468,3,ボックス
1,5,9,10.8871,3,ストレート
1,6,7,10.9277,3,ボックス
3,6,9,10.9704,3,ボックス
0,1,8,10.9284,3,ボックス
1,4,7,10.9627,3,ボックス
2,3,7,10.9977,3,ボックス
5,8,9,11.0586,3,ストレート
0,3,7,10.9578,3,ストレート
0,4,6,10.7324,3,ボックス
4,7,9,11.0166,3,ボックス
1,5,8,10.9487,3,ボックス
0,1,9,11.0649,3,ボックス
4,6,9,11.0586,3,ボックス
4,6,8,10.8661,3,ボックス
1,3,9,11.1524,3,ボックス
1,3,7,10.9865,3,ボックス
2,6,9,11.2147,3,ストレート
3,5,6,10.8297,3,ボックス
1,3,7,10.9977,3,ストレート
1,3,4,11.0558,3,ボックス
1,3,9,11.1804,3,ボックス
2,4,6,11.0047,3,ボックス
4,7,8,11.0628,3,ボックス
1,2,8,11.2427,3,ボックス
1,2,9,11.2546,3,ボックス
0,1,8,11.0096,3,ストレート
4,5,9,11.0278,3,ボックス
0,2,3,11.0257,3,ボックス
1,5,7,10.9536,3,ボックス
3,4,9,11.1181,3,ストレート
1,3,9,11.2175,3,ボックス
4,8,9,11.1622,3,ストレート
0,1,9,11.1454,3,ボックス
0,1,6,10.9011,3,ボックス
2,5,6,10.8339,3,ボックス
0,2,5,10.9697,3,ボックス
1,6,7,10.9543,3,ボックス
0,1,5,10.9396,3,ボックス
1,2,4,11.1909,3,ボックス
0,6,9,11.1587,3,ボックス
0,3,4,11.0348,3,ボックス
0,4,7,11.0257,3,ストレート
2,5,9,11.2287,3,ボックス
7,8,9,11.3659,3,ボックス
0,8,9,11.3288,3,ボックス
0,6,9,11.0929,3,ストレート
0,4,8,11.1097,3,ボックス
0,2,3,11.1132,3,ボックス
0,7,8,11.067,3,ストレート
0,3,8,11.1979,3,ボックス
1,3,7,11.1132,3,ボックス
0,5,7,10.9536,3,ボックス
0,5,6,10.7856,3,ボックス
1,3,7,11.1251,3,ボックス
3,4,9,11.1986,3,ボックス
1,2,7,11.1916,3,ボックス
0,4,5,10.9158,3,ストレート
1,3,7,11.1391,3,ボックス
0,4,8,11.0509,3,ボックス
1,5,7,10.9585,3,ボックス
3,5,6,10.8549,3,ボックス
2,3,8,11.3519,3,ボックス
3,7,9,11.3778,3,ボックス
0,4,7,10.9977,3,ボックス
5,8,9,11.1552,3,ストレート
4,6,7,11.0467,3,ボックス
0,6,9,11.1412,3,ボックス
0,4,6,10.9242,3,ストレート
2,3,4,11.2469,3,ストレート
1,6,8,11.2168,3,ボックス
3,5,6,10.8801,3,ボックス
2,4,9,11.4058,3,ボックス
1,4,6,11.1237,3,ボックス
1,3,6,11.1111,3,ボックス
3,6,8,11.2378,3,ストレート
0,4,6,10.9704,3,ストレート
0,4,6,10.9774,3,ストレート
2,3,5,11.1699,3,ボックス
0,7,8,11.1552,3,ボックス
1,2,7,11.2518,3,ボックス
0,3,8,11.1965,3,ボックス
0,3,9,11.4079,3,ボックス
0,8,9,11.3351,3,ボックス
0,4,9,11.3358,3,ストレート
4,5,9,11.088,3,ボックス
3,4,5,11.0656,3,ボックス
3,7,9,11.347,3,ストレート
4,5,8,11.0999,3,ストレート
3,5,7,11.1209,3,ボックス
0,3,5,11.1048,3,ボックス
1,2,4,11.2385,3,ボックス
0,2,9,11.4849,3,ボックス
1,2,3,11.431,3,ボックス
0,3,9,11.3512,3,ボックス
1,2,8,11.4499,3,ボックス
0,1,5,11.0257,3,ボックス
4,6,7,11.0488,3,ボックス
5,8,9,11.2406,3,ストレート
2,5,7,11.0971,3,ボックス
1,6,9,11.41,3,ボックス
4,8,9,11.473,3,ボックス
7,8,9,11.4135,3,ボックス
0,4,5,10.9655,3,ボックス
2,5,8,11.2749,3,ボックス
1,2,9,11.4856,3,ボックス
2,5,9,11.291,3,ボックス
0,3,4,11.1804,3,ボックス
1,3,6,11.2084,3,ストレート
2,3,4,11.298,3,ストレート
1,7,8,11.4079,3,ボックス
2,3,9,11.5248,3,ボックス
2,3,4,11.326,3,ストレート
0,4,8,11.2406,3,ボックス
4,5,6,10.9564,3,ボックス
3,5,9,11.396,3,ボックス
0,5,6,10.9865,3,ボックス
0,6,8,11.312,3,ボックス
0,4,7,11.1895,3,ボックス
1,2,6,11.3918,3,ボックス
0,2,7,11.4198,3,ボックス
3,6,7,11.2105,3,ボックス
2,4,9,11.4737,3,ストレート
4,5,7,11.0509,3,ボックス
0,7,9,11.5129,3,ストレート
4,6,7,11.1454,3,ボックス
5,6,9,11.2959,3,ボックス
0,1,2,11.3813,3,ボックス
0,4,9,11.3995,3,ストレート
4,6,8,11.3358,3,ボックス
0,7,8,11.3309,3,ボックス
5,6,9,11.2287,3,ボックス
1,3,8,11.5269,3,ボックス
2,6,7,11.4268,3,ボックス
3,5,6,11.2147,3,ボックス
5,8,9,11.3582,3,ボックス
1,2,3,11.4688,3,ストレート
3,6,7,11.305,3,ボックス
0,7,9,11.4737,3,ボックス
0,2,3,11.543,3,ボックス
1,3,4,11.4618,3,ボックス
2,5,6,11.2938,3,ボックス
1,3,6,11.3582,3,ボックス
1,3,4,11.3743,3,ボックス
3,7,8,11.5409,3,ストレート
1,4,8,11.4919,3,ストレート
2,4,7,11.494,3,ストレート
6,7,9,11.5689,3,ボックス
0,6,9,11.5591,3,ボックス
0,2,5,11.2497,3,ボックス
2,4,9,11.5682,3,ボックス
1,3,9,11.7089,3,ボックス
1,6,9,11.5178,3,ストレート
4,5,7,11.1503,3,ボックス
0,6,9,11.4856,3,ボックス
1,6,7,11.4639,3,ストレート
0,6,7,11.424,3,ボックス
1,4,5,11.2987,3,ストレート
4,8,9,11.5612,3,ボックス
4,6,7,11.3078,3,ボックス
2,4,5,11.2546,3,ボックス
1,2,5,11.431,3,ボックス
4,6,7,11.3211,3,ボックス
1,6,9,11.564,3,ボックス
3,4,9,11.5822,3,ストレート
2,5,6,11.2749,3,ボックス
0,5,7,11.2175,3,ボックス
1,4,5,11.2336,3,ボックス
3,8,9,11.7761,3,ボックス
2,4,8,11.4989,3,ボックス
5,6,8,11.3589,3,ボックス
1,3,4,11.4555,3,ボックス
1,2,9,11.7047,3,ストレート
4,6,7,11.354,3,ボックス
0,2,5,11.312,3,ストレート
1,3,9,11.6746,3,ボックス
1,3,8,11.55,3,ボックス
2,6,8,11.6291,3,ボックス
1,7,8,11.62,3,ボックス
1,3,7,11.6319,3,ボックス
3,4,9,11.6193,3,ボックス
2,3,4,11.6431,3,ボックス
5,6,8,11.2868,3,ボックス
3,7,9,11.7901,3,ボックス
1,4,8,11.4947,3,ボックス
2,4,6,11.564,3,ストレート
0,5,6,11.3288,3,ボックス
3,6,8,11.627,3,ボックス
2,4,9,11.6816,3,ボックス
2,8,9,11.781,3,ボックス
3,7,9,11.7117,3,ボックス
1,2,4,11.564,3,ボックス
2,7,9,11.8692,3,ボックス
1,5,9,11.5248,3,ボックス
2,7,8,11.7481,3,ボックス
4,5,8,11.431,3,ストレート
3,7,9,11.7278,3,ボックス
3,6,7,11.5157,3,ボックス
3,6,7,11.522,3,ボックス
2,3,7,11.767,3,ボックス
0,2,5,11.4023,3,ボックス
0,3,5,11.473,3,ボックス
3,4,6,11.5829,3,ボックス
0,4,6,11.4205,3,ボックス
1,5,9,11.5451,3,ボックス
1,5,9,11.5521,3,ボックス
0,8,9,11.837,3,ボックス
0,7,9,11.8202,3,ストレート
1,7,9,11.7579,3,ボックス
6,7,8,11.662,3,ボックス
1,2,9,11.8272,3,ボックス
5,8,9,11.5941,3,ボックス
1,3,6,11.6711,3,ボックス
5,6,9,11.6179,3,ボックス
2,4,6,11.543,3,ボックス
2,4,5,11.4275,3,ボックス
2,7,9,11.8524,3,ボックス
0,6,8,11.6571,3,ボックス
2,4,6,11.571,3,ストレート
5,6,8,11.4114,3,ボックス
0,3,4,11.557,3,ボックス
1,7,9,11.7922,3,ボックス
4,8,9,11.7698,3,ストレート
0,2,3,11.8041,3,ボックス
1,6,9,11.7418,3,ストレート
0,3,4,11.578,3,ボックス
0,1,9,11.886,3,ボックス
6,7,8,11.6214,3,ボックス
3,5,8,11.634,3,ボックス
2,5,8,11.676,3,ボックス
0,6,9,11.7257,3,ストレート
6,7,8,11.6403,3,ボックス
2,6,8,11.7096,3,ボックス
1,5,7,11.4947,3,ボックス
3,5,6,11.5731,3,ボックス
0,5,7,11.5759,3,ボックス
0,2,9,11.9791,3,ボックス
4,6,7,11.6781,3,ボックス
1,3,6,11.6564,3,ボックス
0,2,7,11.7299,3,ボックス
1,3,6,11.6676,3,ボックス
4,8,9,11.8111,3,ボックス
1,4,8,11.6564,3,ボックス
1,5,8,11.5479,3,ストレート
0,3,5,11.5157,3,ボックス
1,5,7,11.536,3,ボックス
1,6,7,11.7831,3,ボックス
0,2,9,11.9014,3,ボックス
1,3,7,11.8741,3,ボックス
4,5,6,11.5178,3,ボックス
1,2,9,11.9518,3,ボックス
1,2,6,11.753,3,ボックス
1,6,9,11.8503,3,ボックス
1,3,8,11.914,3,ボックス
2,5,7,11.7369,3,ボックス
5,6,9,11.6634,3,ボックス
0,4,9,11.7922,3,ボックス
1,4,9,11.9651,3,ボックス
5,8,9,11.7698,3,ボックス
0,3,4,11.6886,3,ボックス
4,6,9,11.9231,3,ボックス
6,8,9,12.0232,3,ボックス
3,4,6,11.6956,3,ボックス
2,4,7,11.8881,3,ストレート
5,6,8,11.5801,3,ボックス
1,4,9,11.8944,3,ボックス
2,3,9,12.1492,3,ボックス
0,6,8,11.7299,3,ボックス
2,3,5,11.8062,3,ボックス
3,4,9,12.0351,3,ストレート
0,7,9,12.0113,3,ストレート
1,4,9,11.9147,3,ボックス
1,2,7,11.9861,3,ボックス
0,1,9,11.9315,3,ボックス
2,5,7,11.6865,3,ボックス
0,4,9,11.8685,3,ボックス
5,7,8,11.7621,3,ボックス
0,5,7,11.5822,3,ボックス
2,4,8,11.9672,3,ボックス
2,5,9,11.977,3,ボックス
4,5,8,11.6193,3,ボックス
0,6,9,11.8944,3,ストレート
2,6,9,12.0239,3,ボックス
3,4,5,11.732,3,ストレート
1,2,3,11.9378,3,ボックス
2,4,7,11.8594,3,ボックス
3,4,6,11.7789,3,ボックス
0,1,8,11.9371,3,ボックス
1,5,6,11.7411,3,ボックス
0,2,7,11.8804,3,ボックス
0,3,5,11.6564,3,ボックス
1,2,3,11.9707,3,ストレート
3,6,8,11.984,3,ボックス
1,4,6,11.8902,3,ボックス
1,5,8,11.7208,3,ボックス
2,5,8,11.9042,3,ボックス
0,7,9,11.9868,3,ボックス
0,7,8,11.97,3,ボックス
3,4,8,11.8874,3,ボックス
1,7,8,12.0232,3,ストレート
0,3,7,11.8734,3,ボックス
1,2,6,11.9287,3,ボックス
1,2,9,12.1275,3,ボックス
2,3,7,12.1072,3,ボックス
1,6,8,11.998,3,ストレート
0,4,5,11.6284,3,ボックス
3,8,9,12.1114,3,ボックス
6,7,9,12.0141,3,ストレート
3,7,9,12.2122,3,ボックス
0,3,6,11.9742,3,ボックス
0,5,9,11.9511,3,ボックス
0,3,9,12.1793,3,ボックス
3,8,9,12.1415,3,ボックス
4,5,7,11.6935,3,ボックス
2,4,7,11.9546,3,ボックス
1,6,7,12.0022,3,ボックス
0,2,8,12.0981,3,ボックス
2,5,9,11.984,3,ボックス
1,2,8,12.1562,3,ボックス
4,6,8,11.9791,3,ボックス
2,6,9,12.1436,3,ボックス
1,3,9,12.2542,3,ボックス
0,5,9,11.8965,3,ボックス
0,4,8,12.0092,3,ボックス
4,5,6,11.7852,3,ボックス
6,7,8,11.9497,3,ボックス
3,4,8,11.9728,3,ボックス
4,5,7,11.7327,3,ストレート
0,4,5,11.7047,3,ボックス
1,5,8,11.8202,3,ボックス
3,4,5,11.774,3,ボックス
0,8,9,12.2444,3,ボックス
3,4,8,11.9938,3,ストレート
2,7,8,12.1961,3,ストレート
3,7,8,12.0533,3,ボックス
0,6,8,11.9476,3,ボックス
2,3,5,12.0211,3,ボックス
0,3,8,12.04,3,ボックス
1,2,6,12.0141,3,ボックス
4,6,8,11.9406,3,ボックス
0,4,6,11.9882,3,ボックス
1,7,8,12.0351,3,ストレート
2,8,9,12.3893,3,ボックス
3,5,6,11.935,3,ボックス
6,7,9,12.1324,3,ボックス
2,3,4,12.1912,3,ボックス
3,6,8,12.0603,3,ボックス
0,5,7,11.914,3,ボックス
0,7,8,12.0442,3,ストレート
1,2,7,12.0995,3,ボックス
2,6,8,12.2192,3,ボックス
3,5,6,11.8573,3,ボックス
3,4,7,12.1513,3,ボックス
1,7,9,12.3004,3,ボックス
0,7,9,12.1807,3,ボックス
0,1,8,12.0561,3,ボックス
2,4,5,11.8895,3,ストレート
3,5,8,12.0701,3,ストレート
0,1,5,11.9462,3,ボックス
3,7,9,12.278,3,ボックス
1,2,8,12.1786,3,ボックス
3,7,8,12.1737,3,ボックス
6,7,9,12.1898,3,ボックス
3,7,8,12.1877,3,ストレート
3,6,7,12.1065,3,ボックス
0,7,9,12.222,3,ボックス
4,5,9,12.1191,3,ボックス
6,7,9,12.2269,3,ボックス
1,6,8,12.2031,3,ボックス
1,7,8,12.1527,3,ボックス
0,4,6,11.984,3,ボックス
1,2,3,12.3522,3,ボックス
4,6,9,12.1807,3,ボックス
2,5,9,12.1758,3,ボックス
1,3,7,12.1849,3,ボックス
6,7,8,12.1415,3,ボックス
0,3,9,12.4362,3,ボックス
1,6,7,12.2122,3,ボックス
3,7,9,12.3795,3,ボックス
4,8,9,12.3123,3,ボックス
1,4,6,12.1611,3,ボックス
1,5,9,12.2444,3,ボックス
0,4,6,12.0281,3,ストレート
2,7,9,12.4096,3,ボックス
3,6,7,12.1828,3,ボックス
2,3,4,12.243,3,ボックス
0,2,8,12.3704,3,ボックス
3,5,6,11.9938,3,ボックス
2,3,9,12.5923,3,ボックス
0,1,3,12.1989,3,ボックス
5,6,9,12.2381,3,ボックス
0,1,6,12.2262,3,ボックス
2,4,7,12.2129,3,ボックス
0,2,8,12.2892,3,ボックス
0,5,6,11.9448,3,ボックス
0,6,8,12.3032,3,ボックス
2,8,9,12.6175,3,ボックス
3,6,9,12.4047,3,ボックス
4,6,8,12.2913,3,ボックス
3,7,9,12.4558,3,ボックス
1,2,9,12.4579,3,ストレート
2,6,8,12.3074,3,ボックス
1,4,8,12.3242,3,ボックス
4,5,8,12.1373,3,ストレート
1,6,7,12.1849,3,ボックス
0,1,2,12.2682,3,ボックス
1,4,5,12.0841,3,ボックス
1,4,7,12.1898,3,ボックス
2,7,8,12.4894,3,ボックス
2,4,8,12.4544,3,ボックス
1,3,6,12.2479,3,ストレート
3,4,6,12.3354,3,ストレート
1,2,3,12.3837,3,ボックス
0,1,4,12.2962,3,ストレート
4,5,9,12.1947,3,ボックス
1,5,7,12.1681,3,ボックス
5,6,9,12.1989,3,ボックス
2,7,9,12.5454,3,ボックス
2,5,7,12.2752,3,ボックス
0,1,2,12.3333,3,ボックス
1,3,4,12.2801,3,ボックス
3,6,9,12.467,3,ボックス
2,3,8,12.5853,3,ボックス
1,3,8,12.4943,3,ボックス
3,4,6,12.2591,3,ボックス
0,1,7,12.3823,3,ストレート
1,2,4,12.4572,3,ボックス
6,8,9,12.5993,3,ストレート
4,5,8,12.0995,3,ボックス
1,3,6,12.3144,3,ボックス
2,5,9,12.3634,3,ボックス
3,4,9,12.6133,3,ボックス
0,1,3,12.3305,3,ストレート
4,8,9,12.509,3,ストレート
1,5,7,12.1114,3,ボックス
2,3,5,12.3613,3,ボックス
2,6,7,12.3676,3,ボックス
0,1,5,12.1891,3,ボックス
1,7,9,12.6294,3,ボックス
1,5,7,12.1324,3,ボックス
0,4,7,12.3704,3,ボックス
2,4,9,12.5664,3,ボックス
2,3,9,12.6679,3,ボックス
3,5,6,12.1436,3,ボックス
1,6,9,12.5923,3,ボックス
1,5,9,12.3305,3,ボックス
6,8,9,12.5342,3,ボックス
1,4,5,12.1114,3,ボックス
0,5,9,12.4173,3,ボックス
0,4,7,12.2843,3,ボックス
1,2,8,12.5041,3,ボックス
3,5,7,12.2178,3,ストレート
4,6,8,12.3214,3,ボックス
3,4,8,12.5433,3,ボックス
1,4,6,12.3963,3,ボックス
5,7,8,12.3354,3,ボックス
1,2,9,12.6518,3,ボックス
1,4,5,12.1457,3,ボックス
1,7,9,12.5734,3,ストレート
2,6,8,12.4719,3,ボックス
3,5,8,12.3984,3,ボックス
2,8,9,12.719,3,ボックス
2,4,6,12.5083,3,ストレート
3,4,9,12.5986,3,ボックス
1,2,9,12.6819,3,ボックス
1,3,9,12.7624,3,ボックス
1,3,8,12.5111,3,ボックス
0,7,8,12.5384,3,ボックス
2,4,6,12.4138,3,ボックス
3,4,7,12.5524,3,ストレート
0,4,8,12.5153,3,ストレート
3,6,9,12.6217,3,ストレート
6,7,8,12.5524,3,ボックス
4,5,8,12.2409,3,ボックス
4,5,7,12.1968,3,ボックス
2,5,6,12.3802,3,ボックス
5,8,9,12.4831,3,ボックス
1,4,5,12.2059,3,ボックス
0,3,5,12.2661,3,ボックス
2,4,7,12.6133,3,ボックス
4,6,8,12.4208,3,ボックス
1,7,8,12.6294,3,ストレート
1,3,6,12.4649,3,ストレート
0,6,8,12.5433,3,ボックス
0,1,6,12.4964,3,ストレート
2,3,6,12.6693,3,ボックス
0,5,7,12.3424,3,ボックス
2,5,6,12.3102,3,ボックス
2,5,8,12.4117,3,ストレート
2,6,7,12.5202,3,ボックス
0,1,9,12.7414,3,ボックス
0,3,5,12.2941,3,ボックス
3,5,7,12.3375,3,ボックス
1,7,9,12.677,3,ボックス
4,5,6,12.3214,3,ボックス
2,7,8,12.6308,3,ボックス
4,5,7,12.2682,3,ボックス
0,6,8,12.4691,3,ストレート
0,6,8,12.4761,3,ボックス
3,5,7,12.3655,3,ボックス
2,5,6,12.3536,3,ボックス
5,8,9,12.5524,3,ボックス
3,6,8,12.6833,3,ボックス
1,5,6,12.3942,3,ボックス
0,2,7,12.6763,3,ボックス
0,1,3,12.5251,3,ボックス
0,2,5,12.4985,3,ボックス
3,6,9,12.7029,3,ストレート
5,6,7,12.4222,3,ボックス
3,5,6,12.3585,3,ボックス
3,4,9,12.7001,3,ボックス
4,8,9,12.8275,3,ボックス
1,4,8,12.5503,3,ボックス
3,6,7,12.6735,3,ボックス
4,6,7,12.4621,3,ボックス
5,6,9,12.5041,3,ボックス
0,1,9,12.6889,3,ボックス
0,1,8,12.6875,3,ボックス
0,8,9,12.8646,3,ストレート
2,5,7,12.5755,3,ボックス
3,6,7,12.5776,3,ストレート
3,6,8,12.6336,3,ボックス
0,3,9,12.8765,3,ボックス
4,7,9,12.8114,3,ストレート
3,6,7,12.5965,3,ボックス
2,4,7,12.6035,3,ボックス
1,5,9,12.6973,3,ボックス
1,4,6,12.4922,3,ボックス
5,7,8,12.5895,3,ボックス
6,7,8,12.6217,3,ボックス
2,3,9,13.0186,3,ボックス
0,4,7,12.6203,3,ボックス
0,2,9,12.9304,3,ボックス
1,4,5,12.3634,3,ボックス
0,3,8,12.7974,3,ボックス
4,6,7,12.5181,3,ボックス
3,7,8,12.8464,3,ストレート
1,4,6,12.5153,3,ボックス
4,6,7,12.5342,3,ボックス
0,4,7,12.5433,3,ボックス
2,3,9,12.9241,3,ストレート
1,3,6,12.6427,3,ボックス
1,4,9,12.8744,3,ボックス
1,2,6,12.7834,3,ボックス
4,5,7,12.4138,3,ボックス
4,6,7,12.5713,3,ボックス
0,3,6,12.7414,3,ボックス
0,3,4,12.7365,3,ストレート
2,6,8,12.7372,3,ボックス
1,2,8,12.8884,3,ストレート
1,4,8,12.6637,3,ボックス
0,6,7,12.5986,3,ボックス
1,3,4,12.7806,3,ボックス
1,2,4,12.8044,3,ボックス
0,2,5,12.5132,3,ボックス
0,5,9,12.7575,3,ストレート
4,5,7,12.46,3,ボックス
1,3,9,13.0396,3,ボックス
4,6,8,12.7694,3,ストレート
0,2,3,12.8926,3,ボックス
1,4,7,12.7666,3,ボックス
2,3,7,12.9416,3,ボックス
0,7,8,12.7211,3,ボックス
2,5,7,12.6014,3,ボックス
0,1,6,12.7526,3,ボックス
0,1,9,12.8618,3,ボックス
6,7,8,12.74,3,ボックス
4,6,9,12.8254,3,ボックス
1,6,7,12.8184,3,ボックス
0,1,7,12.8205,3,ボックス
3,4,7,12.8604,3,ボックス
1,4,6,12.6567,3,ボックス
2,4,6,12.8464,3,ボックス
0,1,9,12.8828,3,ストレート
6,8,9,13.0487,3,ボックス
2,5,7,12.6245,3,ボックス
1,4,9,12.8779,3,ボックス
2,4,6,12.7491,3,ボックス
0,7,9,12.908,3,ボックス
4,5,9,12.8114,3,ボックス
1,7,8,12.9234,3,ボックス
2,3,6,12.9675,3,ストレート
2,5,6,12.7295,3,ボックス
0,3,6,12.7533,3,ボックス
1,6,9,12.922,3,ストレート
5,6,7,12.6763,3,ボックス
0,5,9,12.726,3,ボックス
4,7,8,12.8996,3,ボックス
3,5,6,12.7225,3,ボックス
2,4,5,12.7344,3,ストレート
6,7,9,12.95,3,ボックス
0,2,8,12.9815,3,ボックス
1,5,7,12.7176,3,ボックス
4,5,9,12.7351,3,ボックス
3,5,7,12.7834,3,ストレート
1,3,9,13.0263,3,ボックス
3,5,9,12.9626,3,ボックス
0,4,8,12.8786,3,ボックス
1,2,6,12.8457,3,ストレート
3,8,9,13.2006,3,ボックス
5,6,8,12.7505,3,ボックス
1,7,8,12.8597,3,ボックス
0,5,7,12.6014,3,ボックス
3,8,9,13.0928,3,ボックス
0,4,5,12.6665,3,ボックス
1,4,8,12.8184,3,ボックス
0,2,7,12.9815,3,ボックス
2,7,8,12.95,3,ボックス
0,4,7,12.7652,3,ボックス
2,4,5,12.6728,3,ストレート
3,5,6,12.6728,3,ボックス
4,6,8,12.8156,3,ボックス
0,6,9,13.0725,3,ストレート
2,6,9,13.1768,3,ボックス
3,4,9,13.1565,3,ボックス
1,7,9,13.1516,3,ボックス
0,1,2,12.8779,3,ボックス
6,8,9,13.0494,3,ボックス
5,7,8,12.8485,3,ボックス
0,6,9,12.9773,3,ボックス
2,3,7,12.9934,3,ボックス
3,7,8,13.0977,3,ボックス
4,6,9,12.9731,3,ボックス
2,5,9,13.0466,3,ボックス
3,7,9,13.2468,3,ボックス
0,2,7,12.9241,3,ボックス
0,6,7,12.9535,3,ボックス
2,3,7,13.0305,3,ボックス
0,1,6,12.8156,3,ボックス
3,8,9,13.1831,3,ボックス
0,4,9,13.1145,3,ボックス
1,3,8,12.9934,3,ストレート
3,7,9,13.174,3,ボックス
0,2,8,12.9913,3,ボックス
1,7,9,13.1096,3,ボックス
1,4,8,12.9108,3,ボックス
0,2,5,12.8835,3,ボックス
1,5,9,13.0515,3,ボックス
3,5,8,12.9787,3,ストレート
3,4,6,13.0095,3,ボックス
3,5,7,12.8296,3,ボックス
0,7,9,13.1117,3,ボックス
2,3,4,13.1166,3,ボックス
3,4,9,13.1418,3,ボックス
3,4,8,13.0074,3,ストレート
1,5,6,12.8275,3,ボックス
0,2,9,13.2797,3,ボックス
0,7,9,13.1257,3,ボックス
0,5,8,12.9136,3,ボックス
5,6,7,12.7512,3,ストレート
7,8,9,13.3427,3,ボックス
2,5,9,13.0375,3,ボックス
2,4,8,13.1355,3,ボックス
0,2,8,13.0445,3,ストレート
2,8,9,13.4057,3,ボックス
3,4,9,13.1761,3,ボックス
1,4,9,13.2286,3,ボックス
0,1,6,12.8877,3,ボックス
3,6,8,13.0564,3,ボックス
1,3,9,13.2433,3,ボックス
5,8,9,13.2027,3,ボックス
1,4,5,12.8674,3,ボックス
0,5,9,13.1145,3,ボックス
1,2,4,13.1145,3,ストレート
1,2,6,13.0123,3,ボックス
1,3,9,13.2664,3,ボックス
1,3,8,13.1278,3,ボックス
1,2,6,13.0284,3,ボックス
4,6,8,12.971,3,ストレート
5,8,9,13.1117,3,ボックス
3,4,9,13.2384,3,ボックス
2,5,9,13.1369,3,ボックス
2,3,8,13.3448,3,ボックス
0,4,8,13.1075,3,ボックス
2,4,6,13.0032,3,ボックス
1,2,6,13.0585,3,ボックス
1,8,9,13.4197,3,ボックス
0,1,5,12.8205,3,ボックス
0,3,6,13.1516,3,ボックス
1,4,9,13.188,3,ボックス
1,3,9,13.3217,3,ボックス
1,2,3,13.3077,3,ストレート
0,4,9,13.167,3,ボックス
1,3,4,13.0676,3,ボックス
0,2,5,12.9199,3,ボックス
0,7,9,13.2293,3,ボックス
3,7,9,13.3448,3,ボックス
3,6,9,13.4288,3,ボックス
0,4,6,13.0627,3,ボックス
1,4,5,12.8387,3,ボックス
2,4,7,13.2076,3,ボックス
3,5,7,12.9731,3,ボックス
0,7,8,13.2216,3,ボックス
3,5,9,13.3287,3,ボックス
0,8,9,13.3287,3,ボックス
3,4,8,13.174,3,ボックス
1,3,4,13.1229,3,ストレート
0,8,9,13.3378,3,ストレート
1,6,7,13.1656,3,ボックス
0,4,6,12.9822,3,ボックス
1,4,6,13.1355,3,ボックス
6,8,9,13.4589,3,ストレート
3,5,9,13.2342,3,ストレート
4,5,9,13.1369,3,ストレート
1,4,9,13.3126,3,ボックス
1,2,7,13.3077,3,ボックス
0,3,7,13.1719,3,ボックス
0,2,8,13.2132,3,ボックス
0,4,7,13.1978,3,ストレート
1,6,9,13.4337,3,ボックス
0,5,7,13.0536,3,ボックス
2,7,8,13.3777,3,ボックス
0,8,9,13.391,3,ボックス
4,5,7,13.0585,3,ボックス
0,5,9,13.1719,3,ボックス
4,5,6,13.0095,3,ボックス
4,8,9,13.5247,3,ボックス
0,2,8,13.2454,3,ボックス
1,3,7,13.2223,3,ボックス
2,4,6,13.1439,3,ボックス
2,7,8,13.2895,3,ボックス
0,2,3,13.3966,3,ボックス
2,4,6,13.1558,3,ボックス
4,8,9,13.419,3,ボックス
0,4,8,13.174,3,ストレート
1,4,5,12.9612,3,ボックス
7,8,9,13.4764,3,ボックス
5,6,8,13.1306,3,ボックス
3,4,7,13.3567,3,ストレート
1,5,9,13.3476,3,ボックス
2,8,9,13.671,3,ボックス
0,1,7,13.2958,3,ボックス
1,3,8,13.3238,3,ボックス
1,2,8,13.4638,3,ボックス
2,7,8,13.3588,3,ストレート
2,4,7,13.2916,3,ボックス
1,2,5,13.2447,3,ストレート
3,4,9,13.6178,3,ボックス
1,4,6,13.1418,3,ストレート
2,3,4,13.4799,3,ボックス
0,1,3,13.3847,3,ボックス
1,3,9,13.5296,3,ストレート
0,1,6,13.2636,3,ボックス
0,3,6,13.3378,3,ボックス
0,2,8,13.3539,3,ボックス
3,6,7,13.3798,3,ボックス
0,8,9,13.5086,3,ボックス
0,4,8,13.2664,3,ボックス
0,5,7,13.0606,3,ボックス
0,4,6,13.1579,3,ストレート
0,5,6,13.1257,3,ボックス
0,5,8,13.2517,3,ボックス
4,8,9,13.5275,3,ボックス
6,8,9,13.4953,3,ボックス
1,2,8,13.4001,3,ボックス
4,6,7,13.3098,3,ボックス
0,5,6,13.0235,3,ボックス
3,6,7,13.2846,3,ボックス
0,8,9,13.5548,3,ストレート
0,4,5,13.0725,3,ボックス
3,4,9,13.5506,3,ボックス
4,5,7,13.0886,3,ボックス
5,6,9,13.2804,3,ボックス
1,4,6,13.1992,3,ボックス
2,4,8,13.5289,3,ボックス
4,7,9,13.6318,3,ボックス
0,5,9,13.3448,3,ボックス
3,4,8,13.5289,3,ストレート
3,4,8,13.419,3,ボックス
4,5,7,13.1208,3,ボックス
3,6,8,13.5009,3,ボックス
5,8,9,13.5527,3,ストレート
7,8,9,13.6108,3,ボックス
4,6,8,13.4379,3,ストレート
5,6,8,13.153,3,ボックス
4,5,7,13.1439,3,ボックス
1,6,7,13.3658,3,ボックス
2,4,7,13.391,3,ボックス
3,6,8,13.4099,3,ボックス
1,3,6,13.3238,3,ボックス
0,4,6,13.2615,3,ボックス
4,7,9,13.5737,3,ボックス
0,3,5,13.3378,3,ストレート
5,7,8,13.2433,3,ボックス
5,8,9,13.4834,3,ボックス
1,4,9,13.6829,3,ボックス
3,5,9,13.6157,3,ボックス
0,1,9,13.678,3,ボックス
1,5,8,13.3497,3,ボックス
0,2,3,13.6017,3,ボックス
5,8,9,13.5044,3,ボックス
1,6,9,13.6619,3,ストレート
3,6,9,13.7599,3,ボックス
0,3,6,13.3798,3,ボックス
1,6,7,13.3175,3,ストレート
3,6,7,13.4099,3,ボックス
0,1,3,13.426,3,ボックス
2,4,8,13.5044,3,ボックス
5,6,9,13.426,3,ボックス
1,4,5,13.3238,3,ボックス
1,6,8,13.5359,3,ストレート
1,6,7,13.3497,3,ボックス
0,1,3,13.4442,3,ボックス
0,4,7,13.4897,3,ボックス
0,3,9,13.7004,3,ボックス
2,6,8,13.6269,3,ストレート
5,6,7,13.3308,3,ボックス
6,8,9,13.6843,3,ボックス
0,2,5,13.4267,3,ボックス
0,4,6,13.3609,3,ボックス
2,3,4,13.5415,3,ボックス
1,5,7,13.3616,3,ボックス
0,6,9,13.7578,3,ボックス
1,4,5,13.2433,3,ストレート
2,6,7,13.4694,3,ボックス
1,5,7,13.2573,3,ボックス
2,4,9,13.874,3,ボックス
4,6,7,13.405,3,ボックス
1,3,4,13.6178,3,ストレート
5,6,7,13.2524,3,ボックス
2,3,5,13.5527,3,ボックス
1,2,3,13.7179,3,ボックス
1,3,7,13.6479,3,ストレート
0,2,3,13.5968,3,ボックス
4,6,9,13.6773,3,ボックス
2,5,8,13.5569,3,ストレート
2,7,8,13.6108,3,ストレート
4,7,8,13.5415,3,ボックス
0,8,9,13.7788,3,ボックス
3,4,5,13.5058,3,ボックス
2,3,4,13.6451,3,ボックス
2,6,9,13.9069,3,ボックス
1,7,8,13.5548,3,ストレート
2,3,7,13.7788,3,ボックス
5,8,9,13.6381,3,ボックス
3,5,9,13.6542,3,ボックス
2,3,7,13.6661,3,ストレート
2,3,7,13.6731,3,ボックス
0,1,9,13.7396,3,ストレート
3,4,7,13.5989,3,ボックス
5,6,7,13.3105,3,ボックス
4,6,7,13.4904,3,ボックス
1,2,8,13.7858,3,ボックス
0,1,4,13.4995,3,ボックス
0,3,5,13.5429,3,ボックス
1,3,8,13.6682,3,ストレート
1,3,9,13.979,3,ボックス
0,8,9,13.846,3,ボックス
0,1,4,13.5296,3,ボックス
0,4,7,13.5527,3,ストレート
3,5,7,13.5849,3,ボックス
0,6,7,13.643,3,ボックス
3,5,8,13.6549,3,ボックス
0,3,7,13.6521,3,ボックス
0,8,9,13.8831,3,ボックス
4,6,9,13.7697,3,ストレート
3,8,9,13.9755,3,ボックス
1,4,9,13.9391,3,ボックス
3,5,7,13.4953,3,ストレート
1,7,8,13.6521,3,ボックス
0,3,5,13.4883,3,ボックス
2,3,4,13.7536,3,ボックス
0,3,4,13.8019,3,ボックス
1,2,9,14.0399,3,ボックス
4,5,7,13.4393,3,ボックス
3,8,9,14.0056,3,ボックス
3,6,7,13.6521,3,ボックス
2,4,6,13.769,3,ボックス
4,7,9,14.007,3,ボックス
0,7,9,14.0049,3,ボックス
0,3,4,13.7032,3,ボックス
1,3,8,13.7676,3,ボックス
5,7,8,13.5415,3,ボックス
0,2,3,13.7907,3,ストレート
2,3,4,13.8026,3,ボックス
4,6,8,13.7858,3,ボックス
2,4,7,13.8628,3,ボックス
4,5,8,13.5527,3,ボックス
2,6,9,13.9272,3,ボックス
4,5,8,13.5737,3,ボックス
4,7,8,13.7655,3,ボックス
0,6,8,13.6773,3,ストレート
0,3,5,13.5737,3,ストレート
4,6,8,13.7032,3,ボックス
3,5,9,13.8348,3,ボックス
2,3,6,13.9139,3,ボックス
5,7,8,13.6038,3,ボックス
0,1,9,13.8782,3,ボックス
0,5,7,13.5184,3,ボックス
2,6,7,13.7235,3,ボックス
1,2,6,13.804,3,ボックス
0,2,5,13.72,3,ボックス
1,7,8,13.7515,3,ボックス
0,4,9,14.056,3,ボックス
1,4,6,13.7389,3,ボックス
2,8,9,14.2331,3,ボックス
2,6,8,13.8117,3,ボックス
1,7,9,14.063,3,ボックス
1,5,7,13.5275,3,ボックス
0,1,7,13.832,3,ストレート
1,5,9,13.8971,3,ボックス
1,2,5,13.6129,3,ボックス
0,3,5,13.6269,3,ボックス
1,5,9,13.7907,3,ボックス
0,6,8,13.7564,3,ストレート
2,3,5,13.8558,3,ストレート
0,2,9,14.1911,3,ボックス
0,5,9,13.9489,3,ボックス
4,5,9,13.9671,3,ボックス
1,4,9,13.9804,3,ストレート
5,8,9,14.0539,3,ボックス
1,2,7,13.832,3,ボックス
0,5,9,13.8509,3,ボックス
4,5,6,13.5576,3,ボックス
0,2,8,14.0679,3,ボックス
0,4,8,13.881,3,ボックス
0,2,8,13.9706,3,ボックス
0,2,8,13.9776,3,ボックス
0,1,5,13.629,3,ボックス
1,5,8,13.8369,3,ストレート
0,2,5,13.7424,3,ボックス
0,1,9,14.0357,3,ボックス
4,5,8,13.7515,3,ボックス
0,4,7,13.846,3,ボックス
0,1,4,13.9489,3,ボックス
0,2,8,14.0105,3,ボックス
3,4,8,14.1141,3,ボックス
1,3,8,13.9545,3,ボックス
0,1,4,13.8579,3,ボックス
1,6,9,14.1071,3,ストレート
0,2,3,13.9937,3,ボックス
2,3,5,13.825,3,ボックス
0,3,4,14.077,3,ボックス
0,5,8,13.8208,3,ボックス
0,4,9,14.1302,3,ストレート
0,6,9,14.1701,3,ボックス
1,4,5,13.8369,3,ボックス
2,4,9,14.3171,3,ボックス
0,1,3,13.9363,3,ストレート
1,4,9,14.1071,3,ボックス
3,8,9,14.3801,3,ストレート
0,4,6,13.9769,3,ボックス
0,7,8,14.1211,3,ボックス
0,2,3,14.0448,3,ボックス
0,4,6,13.8649,3,ボックス
0,1,9,14.1463,3,ボックス
3,5,8,14.014,3,ボックス
1,5,7,13.7193,3,ボックス
2,5,7,13.8047,3,ボックス
6,7,9,14.1771,3,ボックス
1,4,9,14.1463,3,ボックス
0,2,8,14.0889,3,ボックス
2,3,7,14.1512,3,ボックス
0,1,3,13.9937,3,ボックス
4,5,6,13.6962,3,ボックス
4,5,8,13.867,3,ストレート
4,5,9,14.0238,3,ボックス
1,7,9,14.2632,3,ボックス
4,8,9,14.3941,3,ボックス
0,6,7,13.993,3,ボックス
1,6,9,14.07,3,ボックス
2,6,9,14.2772,3,ボックス
3,6,9,14.2772,3,ボックス
3,4,9,14.3822,3,ボックス
0,2,9,14.2758,3,ボックス
1,4,5,13.7956,3,ボックス
0,1,5,13.8159,3,ボックス
3,4,8,14.1022,3,ボックス
3,4,8,14.1092,3,ボックス
3,5,8,13.9454,3,ストレート
3,8,9,14.3402,3,ボックス
0,1,7,14.0889,3,ストレート
3,5,9,14.2492,3,ボックス
5,6,9,14.1092,3,ボックス
0,1,8,14.1911,3,ボックス
3,7,8,14.119,3,ストレート
7,8,9,14.4312,3,ボックス
4,5,9,14.1071,3,ボックス
1,3,9,14.4242,3,ボックス
3,4,6,14.133,3,ストレート
5,7,8,13.9181,3,ストレート
0,1,5,13.8649,3,ボックス
0,3,6,14.147,3,ボックス
5,6,9,14.0357,3,ボックス
3,6,9,14.2548,3,ボックス
0,1,8,14.1092,3,ストレート
2,6,7,14.084,3,ボックス
0,4,9,14.3241,3,ボックス
0,8,9,14.5271,3,ストレート
0,1,8,14.126,3,ボックス
0,1,8,14.1323,3,ボックス
3,6,7,13.9937,3,ボックス
0,1,9,14.3038,3,ボックス
1,4,9,14.2919,3,ボックス
0,6,8,14.2121,3,ボックス
1,8,9,14.5033,3,ボックス
0,7,9,14.3269,3,ボックス
2,7,8,14.2842,3,ボックス
1,2,4,14.2191,3,ボックス
3,4,7,14.245,3,ボックス
1,6,8,14.1932,3,ボックス
1,2,9,14.3542,3,ボックス
3,4,9,14.4053,3,ボックス
2,7,8,14.1904,3,ボックス
1,5,6,13.9461,3,ストレート
2,5,6,13.8831,3,ボックス
1,7,9,14.308,3,ボックス
2,6,8,14.2702,3,ストレート
2,6,7,14.0378,3,ストレート
4,5,6,13.8649,3,ボックス
1,4,9,14.35,3,ボックス
0,4,9,14.3934,3,ボックス
4,7,8,14.3101,3,ストレート
1,2,7,14.1162,3,ボックス
1,7,8,14.2982,3,ボックス
0,6,7,14.0399,3,ボックス
2,5,9,14.3822,3,ボックス
3,4,5,14.147,3,ボックス
1,2,4,14.1652,3,ボックス
0,1,7,14.1232,3,ストレート
0,1,8,14.2387,3,ストレート
2,4,6,14.2471,3,ボックス
0,2,8,14.2919,3,ボックス
3,4,6,14.1351,3,ボックス
2,4,7,14.1813,3,ボックス
2,3,7,14.3493,3,ボックス
0,4,9,14.4396,3,ボックス
0,1,8,14.2527,3,ボックス
2,3,7,14.2317,3,ボックス
4,5,7,14.1232,3,ボックス
0,8,9,14.5278,3,ボックス
4,6,8,14.3332,3,ボックス
0,6,8,14.2135,3,ボックス
3,7,9,14.5943,3,ボックス
3,4,6,14.1764,3,ボックス
4,8,9,14.6832,3,ボックス
3,5,8,14.2961,3,ボックス
2,3,9,14.6783,3,ボックス
0,8,9,14.567,3,ボックス
1,2,7,14.1925,3,ストレート
0,2,8,14.3591,3,ボックス
0,2,8,14.3661,3,ボックス
2,6,8,14.2667,3,ボックス
0,3,6,14.2114,3,ストレート
0,2,7,14.3843,3,ボックス
0,5,8,14.2912,3,ボックス
0,1,7,14.1953,3,ボックス
0,1,5,14.0518,3,ボックス
4,6,8,14.2478,3,ボックス
0,3,8,14.4144,3,ボックス
0,1,8,14.336,3,ボックス
0,6,7,14.1603,3,ストレート
3,6,7,14.1925,3,ボックス
4,6,8,14.2688,3,ボックス
1,2,6,14.315,3,ボックス
3,5,8,14.2345,3,ボックス
2,7,8,14.3703,3,ボックス
0,5,8,14.2226,3,ボックス
2,5,7,14.2331,3,ボックス
1,3,9,14.6713,3,ボックス
0,3,4,14.4942,3,ボックス
2,7,9,14.6622,3,ボックス
3,5,8,14.2688,3,ボックス
4,5,9,14.4851,3,ボックス
0,1,9,14.6713,3,ボックス
0,1,6,14.3612,3,ボックス
0,1,4,14.4522,3,ストレート
2,4,6,14.2709,3,ボックス
1,5,7,14.217,3,ボックス
2,5,8,14.4032,3,ボックス
3,8,9,14.7056,3,ボックス
3,4,9,14.7532,3,ボックス
1,3,7,14.4662,3,ボックス
1,6,9,14.6013,3,ボックス
3,7,8,14.5894,3,ボックス
0,3,8,14.5208,3,ボックス
1,2,4,14.3731,3,ボックス
0,2,9,14.7812,3,ボックス
3,5,9,14.5852,3,ストレート
3,5,9,14.4606,3,ボックス
4,8,9,14.6937,3,ボックス
0,2,3,14.6132,3,ボックス
1,5,8,14.2639,3,ボックス
0,1,9,14.6244,3,ボックス
0,3,5,14.2737,3,ボックス
0,1,9,14.6335,3,ボックス
0,3,5,14.2828,3,ストレート
0,4,6,14.4571,3,ボックス
1,3,8,14.6552,3,ストレート
1,4,7,14.4662,3,ストレート
1,4,8,14.4746,3,ボックス
3,6,8,14.5894,3,ボックス
1,5,7,14.1673,3,ボックス
0,3,4,14.4858,3,ボックス
1,7,9,14.7203,3,ストレート
0,1,7,14.3962,3,ボックス
1,2,8,14.5187,3,ボックス
2,6,9,14.7084,3,ボックス
0,2,5,14.4102,3,ボックス
1,3,4,14.5894,3,ボックス
0,4,9,14.6825,3,ボックス
2,3,6,14.5411,3,ボックス
2,4,6,14.3591,3,ボックス
0,1,8,14.5481,3,ボックス
3,7,8,14.5369,3,ボックス
0,2,5,14.2968,3,ボックス
4,5,9,14.4718,3,ボックス
4,6,9,14.581,3,ボックス
3,5,9,14.5418,3,ボックス
2,3,8,14.7553,3,ストレート
2,4,6,14.3822,3,ボックス
0,2,7,14.5922,3,ボックス
2,5,6,14.336,3,ボックス
1,2,6,14.3962,3,ボックス
4,6,9,14.6244,3,ボックス
2,4,8,14.7224,3,ボックス
2,3,9,14.9184,3,ストレート
1,6,9,14.6223,3,ストレート
3,6,7,14.5383,3,ボックス
1,3,4,14.525,3,ボックス
1,6,8,14.6223,3,ストレート
3,7,9,14.8694,3,ボックス
2,4,9,14.8883,3,ストレート
0,6,8,14.6804,3,ボックス
2,4,7,14.4788,3,ボックス
3,4,5,14.4942,3,ボックス
0,2,7,14.525,3,ボックス
6,7,9,14.7553,3,ボックス
0,4,8,14.6363,3,ボックス
1,5,7,14.2597,3,ストレート
2,3,4,14.7294,3,ボックス
1,5,8,14.3983,3,ボックス
2,3,7,14.6972,3,ボックス
3,4,9,14.8183,3,ボックス
3,6,8,14.5922,3,ボックス
0,2,5,14.4004,3,ボックス
1,4,7,14.4816,3,ボックス
1,2,8,14.6363,3,ストレート
0,3,6,14.6853,3,ストレート
1,2,3,14.7504,3,ボックス
4,6,9,14.7007,3,ボックス
1,7,8,14.5782,3,ボックス
0,1,5,14.5082,3,ボックス
0,2,3,14.6776,3,ボックス
1,4,6,14.5992,3,ストレート
4,8,9,14.8785,3,ボックス
0,2,9,14.8743,3,ストレート
2,5,7,14.35,3,ボックス
0,3,7,14.7553,3,ボックス
4,6,9,14.7329,3,ボックス
1,2,9,14.9695,3,ストレート
1,2,4,14.7273,3,ボックス
2,3,6,14.588,3,ボックス
4,5,7,14.4711,3,ストレート
0,4,6,14.5439,3,ストレート
4,6,7,14.4697,3,ストレート
3,4,5,14.4515,3,ボックス
4,5,7,14.3591,3,ボックス
2,6,9,14.784,3,ボックス
2,4,9,14.8743,3,ストレート
3,6,7,14.5418,3,ボックス
6,8,9,14.9723,3,ボックス
7,8,9,15.0143,3,ボックス
1,7,8,14.6244,3,ボックス
2,3,5,14.4977,3,ボックス
2,5,7,14.4074,3,ボックス
2,5,6,14.3731,3,ボックス
1,5,7,14.3703,3,ストレート
0,2,5,14.4998,3,ボックス
1,2,5,14.5824,3,ボックス
1,3,7,14.7763,3,ボックス
0,7,8,14.8414,3,ボックス
2,3,6,14.6545,3,ボックス
0,6,8,14.6734,3,ボックス
2,5,7,14.4494,3,ボックス
0,2,9,14.9688,3,ボックス
2,3,8,14.8183,3,ストレート
4,5,6,14.5082,3,ボックス
4,8,9,14.9688,3,ボックス
4,5,9,14.8435,3,ボックス
1,8,9,14.9737,3,ボックス
2,4,8,14.7889,3,ボックス
1,8,9,14.9849,3,ボックス
2,4,8,14.8001,3,ボックス
0,1,2,14.8883,3,ボックス
5,6,9,14.7903,3,ボックス
3,5,6,14.5964,3,ボックス
0,7,8,14.7658,3,ボックス
2,5,6,14.4585,3,ボックス
0,3,6,14.7168,3,ボックス
4,5,8,14.7133,3,ストレート
1,2,6,14.7763,3,ボックス
1,4,9,15.0675,3,ストレート
0,3,7,14.7518,3,ボックス
7,8,9,14.98,3,ボックス
0,4,7,14.8463,3,ボックス
0,1,9,14.994,3,ボックス
1,4,6,14.6223,3,ボックス
3,4,8,14.8463,3,ボックス
3,4,6,14.8295,3,ボックス
2,3,4,14.8141,3,ボックス
4,5,8,14.6153,3,ボックス
0,1,6,14.8155,3,ボックス
1,6,8,14.8554,3,ストレート
0,1,8,14.8512,3,ボックス
1,6,7,14.7273,3,ボックス
2,4,9,15.0311,3,ボックス
4,6,8,14.8974,3,ボックス
2,4,5,14.7273,3,ボックス
1,4,9,14.9919,3,ボックス
5,6,8,14.6923,3,ボックス
1,3,6,14.8463,3,ボックス
0,2,7,14.9205,3,ボックス
5,6,7,14.4256,3,ボックス
2,4,6,14.8813,3,ボックス
1,2,4,14.8092,3,ボックス
